name,brand,type,model_year,price,mileage,fuel_type,transmission,safety_rating,engine_cc,seating_capacity,power_bhp,torque_nm,body_type,airbags,abs,ground_clearance,boot_space,service_cost,insurance_cost
Swift,Maruti,Car,2020,1516583,21,Hybrid,Automatic,3,1197,5,89,192,Hatchback,2,No,183,667,5192,51561
Swift,Maruti,Car,2020,2741531,16,Electric,Manual,3,1197,5,89,127,Hatchback,4,No,189,494,8871,26587
Swift,Maruti,Car,2020,647380,21,Hybrid,Automatic,4,1197,5,89,308,Hatchback,3,Yes,204,535,8570,26610
Swift,Maruti,Car,2020,1335616,18,Diesel,Manual,4,1197,5,89,206,Hatchback,4,Yes,207,268,14572,49550
Baleno,Maruti,Car,2020,673712,25,Diesel,Automatic,5,1197,5,89,363,Hatchback,7,No,234,337,12698,56145
Baleno,Maruti,Car,2020,1149909,15,Electric,Automatic,5,1197,5,89,333,Hatchback,2,Yes,227,524,13390,56066
Baleno,Maruti,Car,2020,3622106,24,Hybrid,Automatic,3,1197,5,89,384,Hatchback,5,No,154,360,11600,51248
Baleno,Maruti,Car,2020,2048384,14,Petrol,Automatic,5,1197,5,89,179,Hatchback,3,Yes,171,265,11118,55506
Dzire,Maruti,Car,2020,847282,17,Diesel,Automatic,4,1197,5,89,319,Sedan,5,No,223,571,3557,31000
Dzire,Maruti,Car,2020,1699642,23,Hybrid,Manual,3,1197,5,89,139,Sedan,5,Yes,157,239,11012,44177
Dzire,Maruti,Car,2020,1964921,17,Diesel,Manual,4,1197,5,89,363,Sedan,1,Yes,179,203,7017,38405
Dzire,Maruti,Car,2020,3280527,15,Diesel,Automatic,3,1197,5,89,302,Sedan,3,No,170,269,11428,39558
Brezza,Maruti,Car,2020,2247628,23,Hybrid,Automatic,5,1462,5,103,199,SUV,3,Yes,213,297,4623,56260
Brezza,Maruti,Car,2020,1963950,21,Petrol,Automatic,5,1462,5,103,217,SUV,1,Yes,151,375,5763,35083
Brezza,Maruti,Car,2020,1520091,24,Hybrid,Automatic,4,1462,5,103,287,SUV,4,No,244,209,12594,17883
Brezza,Maruti,Car,2020,3870241,27,Hybrid,Manual,3,1462,5,103,391,SUV,2,No,239,352,5654,55852
Fronx,Maruti,Car,2020,3404681,25,Diesel,Manual,3,1197,5,99,128,SUV,4,No,225,548,14094,12081
Fronx,Maruti,Car,2020,1435230,20,Electric,Automatic,5,1197,5,99,242,SUV,6,No,190,538,4361,21630
Fronx,Maruti,Car,2020,2498910,25,Hybrid,Automatic,3,1197,5,99,108,SUV,4,Yes,248,599,4714,55244
Fronx,Maruti,Car,2020,4036808,26,Petrol,Automatic,4,1197,5,99,285,SUV,3,Yes,196,443,10900,30202
Grand Vitara,Maruti,Car,2020,1363396,28,Hybrid,Manual,5,1490,5,114,382,SUV,5,No,225,537,8490,15414
Grand Vitara,Maruti,Car,2020,3478072,25,Hybrid,Automatic,4,1490,5,114,362,SUV,6,No,171,218,13909,22424
Grand Vitara,Maruti,Car,2020,1260684,23,Diesel,Manual,3,1490,5,114,94,SUV,7,No,219,589,14545,22238
Grand Vitara,Maruti,Car,2020,1072456,26,Petrol,Manual,5,1490,5,114,278,SUV,3,No,215,233,6168,54238
Nexon,Tata,Car,2020,4278449,24,Diesel,Automatic,5,1497,5,113,156,SUV,1,Yes,158,583,13601,50677
Nexon,Tata,Car,2020,3637500,21,Diesel,Automatic,3,1497,5,113,275,SUV,7,No,152,560,10782,55072
Nexon,Tata,Car,2020,2235135,23,Diesel,Manual,4,1497,5,113,158,SUV,2,No,231,536,8496,11107
Nexon,Tata,Car,2020,4200541,16,Diesel,Automatic,3,1497,5,113,249,SUV,3,No,215,480,5367,27108
Punch,Tata,Car,2020,3553940,28,Hybrid,Manual,4,1199,5,86,148,SUV,7,No,188,552,8996,30547
Punch,Tata,Car,2020,3965251,27,Diesel,Manual,5,1199,5,86,306,SUV,7,Yes,158,688,10135,59343
Punch,Tata,Car,2020,1851994,18,Petrol,Automatic,4,1199,5,86,114,SUV,5,No,243,557,11334,41155
Punch,Tata,Car,2020,2420303,24,Hybrid,Automatic,4,1199,5,86,255,SUV,4,No,226,554,7646,15604
Harrier,Tata,Car,2020,3267647,21,Petrol,Manual,5,1956,5,168,396,SUV,4,No,188,532,8064,20392
Harrier,Tata,Car,2020,4279099,26,Electric,Automatic,5,1956,5,168,138,SUV,8,Yes,150,624,12743,57260
Harrier,Tata,Car,2020,1038175,15,Electric,Manual,4,1956,5,168,98,SUV,8,No,173,606,13382,16424
Harrier,Tata,Car,2020,1939403,20,Diesel,Manual,5,1956,5,168,388,SUV,5,Yes,245,433,14398,25658
Safari,Tata,Car,2020,4281665,15,Diesel,Manual,5,1956,7,168,386,SUV,7,Yes,174,692,13415,54639
Safari,Tata,Car,2020,702650,25,Hybrid,Automatic,4,1956,7,168,366,SUV,3,Yes,222,416,3205,58411
Safari,Tata,Car,2020,3080299,22,Petrol,Automatic,3,1956,7,168,331,SUV,1,Yes,236,573,11790,20667
Safari,Tata,Car,2020,638761,14,Electric,Manual,3,1956,7,168,377,SUV,5,No,162,371,6033,59571
Altroz,Tata,Car,2020,2203843,25,Hybrid,Automatic,5,1199,5,88,152,Hatchback,2,Yes,227,319,14571,32842
Altroz,Tata,Car,2020,731140,20,Diesel,Automatic,3,1199,5,88,385,Hatchback,6,No,208,492,9020,24926
Altroz,Tata,Car,2020,4172685,23,Petrol,Manual,5,1199,5,88,244,Hatchback,3,Yes,165,637,11592,50238
Altroz,Tata,Car,2020,2547622,27,Electric,Manual,4,1199,5,88,359,Hatchback,2,No,202,211,6490,45079
Tiago,Tata,Car,2020,2419532,24,Electric,Manual,4,1199,5,86,111,Hatchback,6,Yes,228,503,10511,45239
Tiago,Tata,Car,2020,1906292,19,Hybrid,Manual,4,1199,5,86,217,Hatchback,6,No,151,591,4852,49347
Tiago,Tata,Car,2020,700672,20,Hybrid,Manual,4,1199,5,86,225,Hatchback,5,No,246,213,3212,28408
Tiago,Tata,Car,2020,2227738,17,Diesel,Automatic,5,1199,5,86,282,Hatchback,1,Yes,241,282,10227,35704
Creta,Hyundai,Car,2020,1762644,19,Hybrid,Manual,5,1497,5,115,127,SUV,5,No,247,686,7683,42619
Creta,Hyundai,Car,2020,3181070,27,Hybrid,Automatic,4,1497,5,115,284,SUV,7,Yes,196,556,12288,24931
Creta,Hyundai,Car,2020,4017236,17,Diesel,Manual,5,1497,5,115,304,SUV,7,No,231,698,13222,10022
Creta,Hyundai,Car,2020,1148506,25,Hybrid,Manual,5,1497,5,115,109,SUV,6,Yes,205,309,8248,12558
Venue,Hyundai,Car,2020,3486684,20,Petrol,Automatic,5,1493,5,113,267,SUV,6,No,237,651,8311,30399
Venue,Hyundai,Car,2020,1255871,26,Diesel,Manual,5,1493,5,113,374,SUV,4,Yes,199,575,14281,28819
Venue,Hyundai,Car,2020,1258943,17,Diesel,Automatic,3,1493,5,113,240,SUV,4,No,170,303,7290,43576
Venue,Hyundai,Car,2020,3047982,17,Diesel,Manual,3,1493,5,113,371,SUV,7,No,192,227,4028,14221
Verna,Hyundai,Car,2020,1471577,15,Electric,Manual,5,1482,5,158,231,Sedan,8,No,154,636,8807,50204
Verna,Hyundai,Car,2020,4324551,24,Petrol,Manual,4,1482,5,158,234,Sedan,4,Yes,225,236,4830,43238
Verna,Hyundai,Car,2020,941198,27,Hybrid,Manual,4,1482,5,158,384,Sedan,7,No,207,695,11692,59614
Verna,Hyundai,Car,2020,1952799,19,Electric,Manual,3,1482,5,158,176,Sedan,4,No,159,656,10786,39270
i20,Hyundai,Car,2020,3807748,27,Electric,Manual,4,1197,5,82,198,Hatchback,6,No,221,445,5088,46411
i20,Hyundai,Car,2020,3715846,18,Petrol,Automatic,4,1197,5,82,96,Hatchback,7,No,231,696,4700,43191
i20,Hyundai,Car,2020,3968542,18,Petrol,Manual,4,1197,5,82,232,Hatchback,7,Yes,162,605,14116,59905
i20,Hyundai,Car,2020,2168816,20,Petrol,Automatic,3,1197,5,82,146,Hatchback,1,Yes,247,572,6880,56600
Sonet,Kia,Car,2020,4444250,21,Electric,Manual,5,1493,5,115,104,SUV,1,Yes,247,223,10288,13714
Sonet,Kia,Car,2020,3184499,21,Electric,Manual,5,1493,5,115,137,SUV,6,Yes,240,300,9354,12086
Sonet,Kia,Car,2020,2392563,20,Diesel,Automatic,3,1493,5,115,370,SUV,2,Yes,206,456,9384,36081
Sonet,Kia,Car,2020,2569671,17,Petrol,Manual,3,1493,5,115,173,SUV,6,No,208,248,11192,13498
Seltos,Kia,Car,2020,1050960,15,Hybrid,Automatic,4,1497,5,115,104,SUV,5,No,181,440,8630,41212
Seltos,Kia,Car,2020,1994703,17,Hybrid,Automatic,3,1497,5,115,225,SUV,6,Yes,233,442,4267,14161
Seltos,Kia,Car,2020,1274147,21,Petrol,Automatic,3,1497,5,115,339,SUV,1,Yes,181,533,10517,23691
Seltos,Kia,Car,2020,1120588,25,Diesel,Manual,5,1497,5,115,157,SUV,6,No,247,620,13639,49003
Carens,Kia,Car,2020,733519,15,Petrol,Automatic,4,1493,7,115,302,MPV,7,Yes,212,356,4127,12491
Carens,Kia,Car,2020,2835102,18,Petrol,Manual,5,1493,7,115,252,MPV,1,No,201,538,5393,11415
Carens,Kia,Car,2020,1402579,20,Diesel,Manual,4,1493,7,115,376,MPV,5,No,211,211,5546,58327
Carens,Kia,Car,2020,4122004,15,Hybrid,Automatic,4,1493,7,115,247,MPV,1,Yes,191,358,13307,56743
XUV700,Mahindra,Car,2020,1989547,21,Diesel,Manual,4,2198,7,182,283,SUV,2,No,220,305,3232,14440
XUV700,Mahindra,Car,2020,1670546,27,Electric,Automatic,3,2198,7,182,113,SUV,3,Yes,187,422,6332,37812
XUV700,Mahindra,Car,2020,1220965,21,Electric,Automatic,5,2198,7,182,327,SUV,4,Yes,169,256,13726,24986
XUV700,Mahindra,Car,2020,3419102,28,Hybrid,Manual,3,2198,7,182,319,SUV,5,Yes,219,591,5751,31380
Scorpio N,Mahindra,Car,2020,2933397,23,Hybrid,Manual,4,2198,7,172,326,SUV,1,Yes,150,579,4528,34106
Scorpio N,Mahindra,Car,2020,2535475,26,Electric,Manual,5,2198,7,172,315,SUV,1,No,168,231,6501,52818
Scorpio N,Mahindra,Car,2020,871287,24,Petrol,Manual,3,2198,7,172,131,SUV,3,No,178,573,4007,21116
Scorpio N,Mahindra,Car,2020,1060812,17,Hybrid,Automatic,5,2198,7,172,243,SUV,1,No,162,219,10693,58225
Thar,Mahindra,Car,2020,2957286,26,Hybrid,Manual,4,2184,4,130,300,SUV,5,Yes,222,492,9484,25551
Thar,Mahindra,Car,2020,1713826,17,Diesel,Manual,5,2184,4,130,156,SUV,8,No,162,578,5725,50996
Thar,Mahindra,Car,2020,2940106,25,Petrol,Automatic,5,2184,4,130,346,SUV,8,No,217,276,5031,49074
Thar,Mahindra,Car,2020,681568,18,Diesel,Manual,4,2184,4,130,267,SUV,2,Yes,190,451,3240,17005
City,Honda,Car,2020,992348,14,Petrol,Manual,5,1498,5,121,326,Sedan,6,No,162,391,4962,10201
City,Honda,Car,2020,1042791,25,Diesel,Manual,3,1498,5,121,159,Sedan,5,Yes,189,430,7138,32074
City,Honda,Car,2020,786670,16,Electric,Automatic,4,1498,5,121,370,Sedan,6,No,150,631,11677,12599
City,Honda,Car,2020,4447225,16,Diesel,Automatic,5,1498,5,121,176,Sedan,2,Yes,169,255,3408,41765
Elevate,Honda,Car,2020,3678099,20,Diesel,Automatic,5,1498,5,121,374,SUV,7,Yes,222,401,7441,33869
Elevate,Honda,Car,2020,4174839,20,Hybrid,Automatic,3,1498,5,121,111,SUV,8,Yes,231,587,14174,12106
Elevate,Honda,Car,2020,3670460,21,Electric,Automatic,4,1498,5,121,234,SUV,6,No,234,282,7812,33827
Elevate,Honda,Car,2020,1444463,28,Electric,Automatic,3,1498,5,121,154,SUV,1,Yes,247,600,12707,29796
Virtus,Volkswagen,Car,2020,1566337,14,Diesel,Manual,5,1498,5,148,103,Sedan,8,Yes,231,308,7476,20251
Virtus,Volkswagen,Car,2020,2671725,19,Diesel,Automatic,5,1498,5,148,157,Sedan,8,Yes,182,257,5245,20133
Virtus,Volkswagen,Car,2020,3494459,26,Diesel,Automatic,5,1498,5,148,287,Sedan,8,Yes,243,512,13367,11572
Virtus,Volkswagen,Car,2020,4198326,14,Electric,Automatic,4,1498,5,148,272,Sedan,7,Yes,191,428,8686,10821
Taigun,Volkswagen,Car,2020,4304680,23,Electric,Automatic,3,1498,5,148,116,SUV,4,Yes,231,674,5290,23784
Taigun,Volkswagen,Car,2020,1551928,21,Hybrid,Automatic,3,1498,5,148,233,SUV,8,Yes,226,628,14124,52160
Taigun,Volkswagen,Car,2020,4106827,18,Hybrid,Automatic,3,1498,5,148,154,SUV,5,No,180,428,11865,10638
Taigun,Volkswagen,Car,2020,1628079,21,Petrol,Automatic,5,1498,5,148,103,SUV,3,Yes,238,589,3670,53951
Kushaq,Skoda,Car,2020,629284,27,Hybrid,Manual,5,1498,5,148,256,SUV,3,Yes,248,460,14303,39486
Kushaq,Skoda,Car,2020,3464419,24,Electric,Automatic,3,1498,5,148,274,SUV,1,Yes,199,339,9601,37747
Kushaq,Skoda,Car,2020,3827480,22,Hybrid,Automatic,5,1498,5,148,332,SUV,5,Yes,150,433,13733,32307
Kushaq,Skoda,Car,2020,2829974,21,Diesel,Automatic,3,1498,5,148,147,SUV,3,Yes,159,229,10517,27501
Slavia,Skoda,Car,2020,1352276,16,Hybrid,Automatic,5,1498,5,148,391,Sedan,4,No,206,670,12717,55402
Slavia,Skoda,Car,2020,2355806,28,Electric,Automatic,4,1498,5,148,200,Sedan,8,No,203,650,12633,46608
Slavia,Skoda,Car,2020,3178355,26,Diesel,Automatic,5,1498,5,148,143,Sedan,6,Yes,189,299,13560,25800
Slavia,Skoda,Car,2020,4089637,22,Petrol,Manual,5,1498,5,148,316,Sedan,7,Yes,173,261,10432,51130
Apache RTR 160,TVS,Bike,2020,229763,35,Electric,Automatic,4,160,2,16,149,Bike,5,No,174,582,10090,57355
Apache RTR 160,TVS,Bike,2020,118705,58,Hybrid,Manual,3,160,2,16,323,Bike,8,Yes,150,680,10980,29254
Apache RTR 160,TVS,Bike,2020,378437,67,Electric,Automatic,4,160,2,16,113,Bike,4,No,228,495,13308,37919
Apache RTR 160,TVS,Bike,2020,253560,33,Diesel,Automatic,3,160,2,16,97,Bike,8,No,195,443,8483,43695
Apache RTR 200,TVS,Bike,2020,96397,47,Diesel,Automatic,3,198,2,20,254,Bike,4,No,217,345,9405,16735
Apache RTR 200,TVS,Bike,2020,310375,41,Hybrid,Manual,5,198,2,20,123,Bike,4,Yes,181,647,5395,41850
Apache RTR 200,TVS,Bike,2020,124540,69,Electric,Automatic,4,198,2,20,158,Bike,1,No,216,654,4995,41483
Apache RTR 200,TVS,Bike,2020,253869,57,Hybrid,Manual,3,198,2,20,253,Bike,3,Yes,152,269,8669,59347
Ronin,TVS,Bike,2020,293309,70,Petrol,Manual,3,225,2,20,207,Bike,8,Yes,210,592,14813,26309
Ronin,TVS,Bike,2020,336547,30,Hybrid,Automatic,5,225,2,20,235,Bike,3,No,179,262,6589,19428
Ronin,TVS,Bike,2020,273496,69,Electric,Manual,5,225,2,20,373,Bike,7,Yes,154,218,13835,57564
Ronin,TVS,Bike,2020,387330,39,Electric,Manual,5,225,2,20,113,Bike,4,Yes,176,364,14586,16143
Raider 125,TVS,Bike,2020,280251,47,Diesel,Manual,4,124,2,11,156,Bike,2,Yes,243,649,12461,40489
Raider 125,TVS,Bike,2020,126268,43,Petrol,Automatic,3,124,2,11,250,Bike,7,No,175,500,13640,27650
Raider 125,TVS,Bike,2020,88859,71,Diesel,Manual,5,124,2,11,92,Bike,8,No,198,209,4695,54583
Raider 125,TVS,Bike,2020,339763,30,Diesel,Automatic,4,124,2,11,116,Bike,2,Yes,167,582,3192,30748
Pulsar N160,Bajaj,Bike,2020,82025,40,Petrol,Manual,5,164,2,16,194,Bike,4,Yes,196,614,13788,33130
Pulsar N160,Bajaj,Bike,2020,139223,64,Electric,Manual,4,164,2,16,360,Bike,1,Yes,233,523,3405,59410
Pulsar N160,Bajaj,Bike,2020,214525,30,Petrol,Manual,5,164,2,16,222,Bike,2,Yes,233,412,4607,43750
Pulsar N160,Bajaj,Bike,2020,366618,69,Petrol,Automatic,4,164,2,16,386,Bike,3,No,187,486,4605,54850
Pulsar NS200,Bajaj,Bike,2020,308991,49,Diesel,Automatic,5,199,2,24,297,Bike,3,Yes,206,386,9107,14951
Pulsar NS200,Bajaj,Bike,2020,299631,62,Diesel,Automatic,3,199,2,24,375,Bike,3,No,186,329,3646,37869
Pulsar NS200,Bajaj,Bike,2020,173355,66,Diesel,Manual,3,199,2,24,291,Bike,1,No,155,245,13719,49323
Pulsar NS200,Bajaj,Bike,2020,105360,41,Petrol,Automatic,5,199,2,24,367,Bike,8,No,237,590,13745,24071
Dominar 400,Bajaj,Bike,2020,230601,75,Diesel,Manual,5,373,2,40,235,Bike,7,No,234,451,13735,41343
Dominar 400,Bajaj,Bike,2020,103231,61,Hybrid,Manual,5,373,2,40,114,Bike,6,Yes,205,342,10168,50108
Dominar 400,Bajaj,Bike,2020,150859,35,Electric,Manual,5,373,2,40,194,Bike,6,No,202,601,13748,37594
Dominar 400,Bajaj,Bike,2020,387849,31,Diesel,Automatic,4,373,2,40,200,Bike,4,Yes,162,556,12710,32286
Splendor Plus,Hero,Bike,2020,383089,60,Petrol,Manual,4,97,2,8,265,Bike,1,Yes,188,333,11224,18189
Splendor Plus,Hero,Bike,2020,372076,44,Petrol,Manual,4,97,2,8,250,Bike,2,No,213,583,8716,34226
Splendor Plus,Hero,Bike,2020,228290,61,Diesel,Manual,3,97,2,8,102,Bike,4,No,165,522,13462,53001
Splendor Plus,Hero,Bike,2020,159028,70,Petrol,Automatic,3,97,2,8,309,Bike,1,Yes,221,297,3243,26668
Xpulse 200,Hero,Bike,2020,198217,69,Hybrid,Automatic,4,200,2,18,306,Bike,5,Yes,172,584,5648,14567
Xpulse 200,Hero,Bike,2020,393155,50,Electric,Automatic,4,200,2,18,300,Bike,6,Yes,237,531,14865,31017
Xpulse 200,Hero,Bike,2020,247000,47,Electric,Manual,4,200,2,18,326,Bike,8,No,211,219,9835,45955
Xpulse 200,Hero,Bike,2020,147457,74,Petrol,Manual,3,200,2,18,210,Bike,1,Yes,170,650,10191,56667
Xtreme 160R,Hero,Bike,2020,330244,28,Electric,Automatic,5,163,2,15,393,Bike,5,No,159,611,9082,32002
Xtreme 160R,Hero,Bike,2020,377934,38,Diesel,Automatic,3,163,2,15,134,Bike,7,Yes,207,369,3394,33424
Xtreme 160R,Hero,Bike,2020,105850,74,Petrol,Automatic,3,163,2,15,324,Bike,4,No,186,496,14537,15432
Xtreme 160R,Hero,Bike,2020,126592,47,Petrol,Automatic,4,163,2,15,216,Bike,4,No,183,514,13808,44415
Shine,Honda,Bike,2020,171179,35,Petrol,Manual,3,125,2,10,247,Bike,7,No,200,516,6360,47354
Shine,Honda,Bike,2020,189189,30,Diesel,Manual,3,125,2,10,217,Bike,3,Yes,246,267,14563,56178
Shine,Honda,Bike,2020,389317,74,Petrol,Manual,4,125,2,10,94,Bike,4,Yes,163,677,11813,44404
Shine,Honda,Bike,2020,106903,42,Electric,Automatic,3,125,2,10,202,Bike,7,No,171,409,9027,56651
SP125,Honda,Bike,2020,222560,51,Petrol,Manual,3,125,2,10,388,Bike,6,Yes,230,685,7309,31337
SP125,Honda,Bike,2020,92998,47,Electric,Automatic,3,125,2,10,315,Bike,3,Yes,194,506,8705,24693
SP125,Honda,Bike,2020,127899,74,Petrol,Manual,3,125,2,10,200,Bike,2,No,212,642,14113,31447
SP125,Honda,Bike,2020,306234,38,Petrol,Manual,4,125,2,10,325,Bike,2,No,188,555,11851,19083
Hornet 2.0,Honda,Bike,2020,330919,71,Hybrid,Manual,3,184,2,17,298,Bike,3,Yes,220,288,10801,33650
Hornet 2.0,Honda,Bike,2020,132592,63,Hybrid,Manual,5,184,2,17,368,Bike,7,Yes,160,472,7286,56655
Hornet 2.0,Honda,Bike,2020,346245,71,Hybrid,Automatic,3,184,2,17,94,Bike,6,No,239,212,9072,48876
Hornet 2.0,Honda,Bike,2020,317714,52,Hybrid,Automatic,5,184,2,17,334,Bike,4,Yes,187,565,14144,30958
CB350,Honda,Bike,2020,362877,50,Petrol,Automatic,4,348,2,21,100,Bike,5,Yes,158,405,13511,39852
CB350,Honda,Bike,2020,350313,36,Electric,Automatic,4,348,2,21,122,Bike,6,No,197,241,4052,20601
CB350,Honda,Bike,2020,165281,36,Diesel,Automatic,4,348,2,21,341,Bike,6,Yes,153,644,13911,36543
CB350,Honda,Bike,2020,289276,58,Petrol,Manual,5,348,2,21,289,Bike,3,Yes,248,320,13945,47056
Classic 350,Royal Enfield,Bike,2020,379236,37,Petrol,Manual,4,349,2,20,278,Bike,2,No,204,223,9064,20387
Classic 350,Royal Enfield,Bike,2020,324466,28,Electric,Automatic,4,349,2,20,105,Bike,6,No,178,534,7815,43016
Classic 350,Royal Enfield,Bike,2020,98841,42,Hybrid,Manual,4,349,2,20,186,Bike,7,No,231,699,9809,22817
Classic 350,Royal Enfield,Bike,2020,152726,32,Hybrid,Automatic,5,349,2,20,297,Bike,8,Yes,234,201,11625,32404
Hunter 350,Royal Enfield,Bike,2020,283650,65,Hybrid,Automatic,4,349,2,20,235,Bike,1,No,162,246,10177,37018
Hunter 350,Royal Enfield,Bike,2020,374395,47,Hybrid,Automatic,5,349,2,20,185,Bike,6,No,247,318,3346,55618
Hunter 350,Royal Enfield,Bike,2020,174516,63,Electric,Manual,4,349,2,20,270,Bike,3,Yes,215,674,9634,11608
Hunter 350,Royal Enfield,Bike,2020,318653,65,Electric,Manual,3,349,2,20,165,Bike,1,No,171,581,4517,31303
Meteor 350,Royal Enfield,Bike,2020,276859,59,Hybrid,Manual,3,349,2,20,99,Bike,7,Yes,184,494,9424,28714
Meteor 350,Royal Enfield,Bike,2020,346468,75,Petrol,Manual,3,349,2,20,151,Bike,8,No,171,472,7003,36069
Meteor 350,Royal Enfield,Bike,2020,361671,71,Petrol,Manual,5,349,2,20,218,Bike,7,Yes,224,229,12710,57593
Meteor 350,Royal Enfield,Bike,2020,110115,69,Petrol,Manual,5,349,2,20,382,Bike,4,No,159,474,5015,44837
Himalayan 450,Royal Enfield,Bike,2020,287115,73,Petrol,Automatic,5,452,2,40,229,Bike,7,Yes,234,337,9297,33811
Himalayan 450,Royal Enfield,Bike,2020,242547,61,Petrol,Manual,5,452,2,40,134,Bike,3,Yes,224,571,12664,16345
Himalayan 450,Royal Enfield,Bike,2020,386512,62,Diesel,Automatic,4,452,2,40,164,Bike,7,Yes,155,364,10642,18736
Himalayan 450,Royal Enfield,Bike,2020,285141,66,Petrol,Manual,4,452,2,40,144,Bike,5,No,247,679,11959,41728
R15 V4,Yamaha,Bike,2020,234772,36,Petrol,Manual,5,155,2,18,219,Bike,6,No,193,440,5970,19862
R15 V4,Yamaha,Bike,2020,84998,33,Hybrid,Manual,4,155,2,18,193,Bike,4,Yes,201,306,5291,47112
R15 V4,Yamaha,Bike,2020,125876,54,Petrol,Automatic,3,155,2,18,104,Bike,7,No,225,524,14075,18255
R15 V4,Yamaha,Bike,2020,338091,33,Petrol,Automatic,5,155,2,18,291,Bike,6,Yes,217,280,14531,43468
MT15,Yamaha,Bike,2020,170375,55,Diesel,Manual,5,155,2,18,360,Bike,8,No,237,263,12892,45130
MT15,Yamaha,Bike,2020,346938,61,Electric,Manual,5,155,2,18,213,Bike,3,Yes,167,360,8775,50649
MT15,Yamaha,Bike,2020,347135,28,Electric,Automatic,3,155,2,18,212,Bike,7,Yes,241,604,7473,33352
MT15,Yamaha,Bike,2020,268918,44,Electric,Automatic,3,155,2,18,107,Bike,8,No,185,497,13902,43783
FZ-S,Yamaha,Bike,2020,100421,66,Diesel,Manual,3,149,2,12,120,Bike,7,Yes,231,287,7387,55805
FZ-S,Yamaha,Bike,2020,284819,60,Petrol,Manual,4,149,2,12,271,Bike,1,No,237,618,8078,43693
FZ-S,Yamaha,Bike,2020,267117,65,Hybrid,Automatic,3,149,2,12,399,Bike,2,No,240,621,13874,10618
FZ-S,Yamaha,Bike,2020,159497,63,Hybrid,Manual,3,149,2,12,249,Bike,1,Yes,213,652,9993,34346
Duke 200,KTM,Bike,2020,206043,59,Hybrid,Automatic,5,199,2,25,292,Bike,6,No,177,666,6373,29011
Duke 200,KTM,Bike,2020,175664,64,Diesel,Manual,4,199,2,25,251,Bike,5,Yes,176,452,14784,27501
Duke 200,KTM,Bike,2020,358961,32,Diesel,Automatic,4,199,2,25,160,Bike,7,No,169,351,6837,13476
Duke 200,KTM,Bike,2020,149528,53,Petrol,Manual,3,199,2,25,241,Bike,8,Yes,167,317,10200,14310
Duke 390,KTM,Bike,2020,283189,64,Hybrid,Automatic,3,399,2,46,162,Bike,4,Yes,243,468,7934,20392
Duke 390,KTM,Bike,2020,172242,63,Electric,Automatic,3,399,2,46,354,Bike,2,No,195,530,12858,42433
Duke 390,KTM,Bike,2020,98293,56,Petrol,Manual,4,399,2,46,125,Bike,7,Yes,191,335,12519,35901
Duke 390,KTM,Bike,2020,293134,55,Diesel,Automatic,3,399,2,46,396,Bike,1,Yes,215,533,9616,58673
RC 390,KTM,Bike,2020,163676,59,Diesel,Manual,5,399,2,46,211,Bike,7,Yes,155,439,5642,18940
RC 390,KTM,Bike,2020,121940,58,Hybrid,Manual,4,399,2,46,100,Bike,1,Yes,185,635,3185,45644
RC 390,KTM,Bike,2020,322630,54,Petrol,Manual,3,399,2,46,353,Bike,8,No,236,255,3076,11219
RC 390,KTM,Bike,2020,179342,65,Electric,Manual,3,399,2,46,139,Bike,8,Yes,212,663,8723,41203
Swift,Maruti,Car,2021,3632789,17,Diesel,Automatic,4,1197,5,89,368,Hatchback,5,No,201,228,3615,54488
Swift,Maruti,Car,2021,2696419,15,Diesel,Manual,5,1197,5,89,204,Hatchback,6,Yes,175,637,9198,19726
Swift,Maruti,Car,2021,4401425,25,Electric,Manual,4,1197,5,89,256,Hatchback,3,No,186,579,5534,54619
Swift,Maruti,Car,2021,2724173,26,Electric,Manual,4,1197,5,89,107,Hatchback,1,Yes,192,256,5529,38161
Baleno,Maruti,Car,2021,1756698,16,Hybrid,Automatic,3,1197,5,89,289,Hatchback,5,No,187,461,14247,15226
Baleno,Maruti,Car,2021,607615,24,Hybrid,Automatic,4,1197,5,89,136,Hatchback,4,Yes,186,404,3516,39007
Baleno,Maruti,Car,2021,4401796,17,Electric,Automatic,4,1197,5,89,97,Hatchback,5,No,164,281,3751,26437
Baleno,Maruti,Car,2021,2987704,18,Hybrid,Automatic,5,1197,5,89,276,Hatchback,2,No,192,340,6414,43579
Dzire,Maruti,Car,2021,2778532,23,Hybrid,Manual,4,1197,5,89,247,Sedan,6,No,175,577,6118,40556
Dzire,Maruti,Car,2021,775161,26,Petrol,Automatic,4,1197,5,89,399,Sedan,4,Yes,162,687,4620,45737
Dzire,Maruti,Car,2021,881109,28,Petrol,Manual,5,1197,5,89,169,Sedan,3,Yes,162,460,12635,56198
Dzire,Maruti,Car,2021,708776,15,Electric,Automatic,3,1197,5,89,289,Sedan,6,Yes,236,503,7478,32369
Brezza,Maruti,Car,2021,1959602,26,Hybrid,Automatic,3,1462,5,103,199,SUV,2,Yes,229,682,10610,35397
Brezza,Maruti,Car,2021,1213335,28,Hybrid,Manual,4,1462,5,103,266,SUV,1,Yes,212,292,5118,46131
Brezza,Maruti,Car,2021,2671086,28,Petrol,Manual,3,1462,5,103,183,SUV,3,No,171,225,9379,11102
Brezza,Maruti,Car,2021,3927180,23,Diesel,Manual,4,1462,5,103,231,SUV,1,Yes,248,511,5046,14692
Fronx,Maruti,Car,2021,2092021,17,Petrol,Automatic,4,1197,5,99,300,SUV,8,No,237,677,11972,11708
Fronx,Maruti,Car,2021,4235875,14,Petrol,Automatic,5,1197,5,99,328,SUV,5,Yes,222,219,10835,47028
Fronx,Maruti,Car,2021,1060173,15,Diesel,Manual,3,1197,5,99,266,SUV,5,No,187,222,7309,38148
Fronx,Maruti,Car,2021,1210759,23,Hybrid,Manual,5,1197,5,99,332,SUV,5,Yes,154,610,9145,47759
Grand Vitara,Maruti,Car,2021,4177099,16,Electric,Manual,4,1490,5,114,170,SUV,4,Yes,209,507,3645,47052
Grand Vitara,Maruti,Car,2021,1824945,20,Hybrid,Manual,3,1490,5,114,370,SUV,7,Yes,199,697,3725,48159
Grand Vitara,Maruti,Car,2021,1800199,26,Electric,Automatic,5,1490,5,114,250,SUV,6,No,222,231,6583,44932
Grand Vitara,Maruti,Car,2021,967058,21,Electric,Automatic,3,1490,5,114,300,SUV,8,Yes,166,453,12111,38134
Nexon,Tata,Car,2021,1768879,28,Electric,Manual,5,1497,5,113,176,SUV,4,Yes,209,415,10708,59956
Nexon,Tata,Car,2021,4165835,19,Electric,Manual,3,1497,5,113,372,SUV,1,No,250,311,6019,19066
Nexon,Tata,Car,2021,2234976,15,Diesel,Automatic,4,1497,5,113,94,SUV,7,Yes,189,271,5871,17369
Nexon,Tata,Car,2021,2168814,21,Hybrid,Automatic,3,1497,5,113,140,SUV,8,Yes,239,643,11986,51680
Punch,Tata,Car,2021,968613,17,Hybrid,Manual,4,1199,5,86,261,SUV,4,Yes,246,387,5987,17575
Punch,Tata,Car,2021,4472426,14,Diesel,Automatic,5,1199,5,86,261,SUV,8,No,165,578,3430,37216
Punch,Tata,Car,2021,1322282,17,Diesel,Automatic,4,1199,5,86,131,SUV,8,Yes,191,551,6141,56836
Punch,Tata,Car,2021,3550772,25,Petrol,Automatic,5,1199,5,86,150,SUV,6,No,209,323,10856,59430
Harrier,Tata,Car,2021,705957,15,Electric,Manual,4,1956,5,168,285,SUV,2,Yes,162,249,10123,11380
Harrier,Tata,Car,2021,1402703,14,Petrol,Automatic,3,1956,5,168,164,SUV,7,No,232,378,11223,47920
Harrier,Tata,Car,2021,4057245,16,Diesel,Manual,4,1956,5,168,302,SUV,7,No,249,231,7915,21123
Harrier,Tata,Car,2021,1983021,15,Petrol,Manual,4,1956,5,168,200,SUV,1,Yes,236,308,12205,45272
Safari,Tata,Car,2021,2127491,26,Diesel,Automatic,4,1956,7,168,326,SUV,8,No,200,293,13446,21650
Safari,Tata,Car,2021,3615909,15,Electric,Automatic,3,1956,7,168,390,SUV,2,Yes,183,309,6357,43738
Safari,Tata,Car,2021,4159616,21,Electric,Automatic,3,1956,7,168,196,SUV,5,No,153,674,3048,44462
Safari,Tata,Car,2021,2022447,16,Petrol,Automatic,5,1956,7,168,147,SUV,3,Yes,181,653,8880,21616
Altroz,Tata,Car,2021,2183723,24,Diesel,Manual,4,1199,5,88,218,Hatchback,3,No,171,404,14517,59512
Altroz,Tata,Car,2021,3416636,16,Hybrid,Automatic,5,1199,5,88,357,Hatchback,1,Yes,169,319,5559,35216
Altroz,Tata,Car,2021,1695291,14,Electric,Manual,4,1199,5,88,240,Hatchback,8,Yes,197,472,3048,57836
Altroz,Tata,Car,2021,4135792,20,Diesel,Automatic,3,1199,5,88,122,Hatchback,7,Yes,242,560,9416,14920
Tiago,Tata,Car,2021,2006357,25,Electric,Automatic,4,1199,5,86,204,Hatchback,7,Yes,216,307,8388,20468
Tiago,Tata,Car,2021,1555495,17,Hybrid,Manual,3,1199,5,86,385,Hatchback,1,Yes,171,436,10755,49883
Tiago,Tata,Car,2021,1849459,25,Petrol,Manual,3,1199,5,86,93,Hatchback,3,No,193,370,4697,38810
Tiago,Tata,Car,2021,704567,20,Hybrid,Automatic,5,1199,5,86,185,Hatchback,2,Yes,156,312,10619,55471
Creta,Hyundai,Car,2021,1023402,21,Hybrid,Automatic,5,1497,5,115,378,SUV,1,No,189,384,7623,19983
Creta,Hyundai,Car,2021,2725095,17,Hybrid,Manual,3,1497,5,115,133,SUV,6,Yes,187,534,13618,34865
Creta,Hyundai,Car,2021,3993972,20,Electric,Manual,5,1497,5,115,380,SUV,3,No,216,432,6564,13987
Creta,Hyundai,Car,2021,2655762,28,Electric,Manual,3,1497,5,115,205,SUV,8,Yes,233,512,14504,34985
Venue,Hyundai,Car,2021,2109046,15,Diesel,Manual,4,1493,5,113,143,SUV,5,Yes,209,281,11798,57761
Venue,Hyundai,Car,2021,2758066,20,Petrol,Manual,4,1493,5,113,335,SUV,7,No,166,437,13859,32999
Venue,Hyundai,Car,2021,3878609,21,Electric,Automatic,3,1493,5,113,303,SUV,8,Yes,181,344,9868,45001
Venue,Hyundai,Car,2021,2521978,20,Hybrid,Automatic,5,1493,5,113,127,SUV,3,Yes,159,629,13308,53321
Verna,Hyundai,Car,2021,1560318,14,Petrol,Automatic,3,1482,5,158,349,Sedan,7,No,239,349,7630,20037
Verna,Hyundai,Car,2021,1913837,19,Hybrid,Manual,4,1482,5,158,362,Sedan,8,No,165,333,6227,22821
Verna,Hyundai,Car,2021,4390381,26,Hybrid,Manual,3,1482,5,158,103,Sedan,1,No,196,262,7587,44527
Verna,Hyundai,Car,2021,3494831,21,Petrol,Manual,4,1482,5,158,203,Sedan,2,Yes,218,297,14396,45112
i20,Hyundai,Car,2021,2394613,27,Petrol,Manual,5,1197,5,82,206,Hatchback,1,No,246,404,14848,44446
i20,Hyundai,Car,2021,1927285,16,Hybrid,Automatic,5,1197,5,82,302,Hatchback,8,No,155,606,4970,22108
i20,Hyundai,Car,2021,4050924,22,Hybrid,Automatic,3,1197,5,82,349,Hatchback,3,Yes,154,512,11368,33122
i20,Hyundai,Car,2021,1824926,19,Diesel,Automatic,3,1197,5,82,194,Hatchback,1,No,244,457,9453,29718
Sonet,Kia,Car,2021,1884905,24,Hybrid,Automatic,4,1493,5,115,364,SUV,1,Yes,215,542,3397,58108
Sonet,Kia,Car,2021,1907266,20,Petrol,Automatic,5,1493,5,115,244,SUV,6,Yes,203,527,13466,36873
Sonet,Kia,Car,2021,1251788,26,Hybrid,Manual,3,1493,5,115,345,SUV,4,No,166,248,10770,18635
Sonet,Kia,Car,2021,1413844,24,Petrol,Automatic,3,1493,5,115,254,SUV,5,Yes,192,598,5763,31138
Seltos,Kia,Car,2021,3514215,16,Petrol,Manual,3,1497,5,115,128,SUV,3,Yes,176,274,6682,10189
Seltos,Kia,Car,2021,3075092,26,Hybrid,Automatic,4,1497,5,115,305,SUV,3,No,158,558,13204,39780
Seltos,Kia,Car,2021,1154566,14,Petrol,Manual,5,1497,5,115,291,SUV,2,Yes,181,516,3636,33628
Seltos,Kia,Car,2021,1492644,16,Hybrid,Manual,4,1497,5,115,237,SUV,8,No,194,470,8458,16676
Carens,Kia,Car,2021,918907,22,Petrol,Automatic,3,1493,7,115,276,MPV,6,No,180,431,14375,31941
Carens,Kia,Car,2021,3822504,17,Hybrid,Automatic,5,1493,7,115,253,MPV,1,No,180,374,7667,44725
Carens,Kia,Car,2021,2736114,20,Electric,Automatic,3,1493,7,115,268,MPV,1,Yes,159,333,11148,20602
Carens,Kia,Car,2021,1675286,20,Petrol,Manual,4,1493,7,115,388,MPV,5,Yes,197,581,12884,46500
XUV700,Mahindra,Car,2021,2437866,21,Petrol,Automatic,3,2198,7,182,263,SUV,4,No,208,630,3907,55090
XUV700,Mahindra,Car,2021,4077401,28,Hybrid,Automatic,4,2198,7,182,381,SUV,2,No,190,592,8691,41993
XUV700,Mahindra,Car,2021,3945139,22,Diesel,Automatic,4,2198,7,182,331,SUV,3,No,233,583,4337,43117
XUV700,Mahindra,Car,2021,1084120,28,Diesel,Automatic,4,2198,7,182,152,SUV,3,No,169,349,7752,56528
Scorpio N,Mahindra,Car,2021,2582645,21,Hybrid,Automatic,3,2198,7,172,103,SUV,5,No,208,450,6909,50373
Scorpio N,Mahindra,Car,2021,3210365,15,Electric,Manual,5,2198,7,172,274,SUV,4,No,205,328,8460,27339
Scorpio N,Mahindra,Car,2021,2422571,22,Electric,Automatic,3,2198,7,172,173,SUV,1,No,196,598,10678,41977
Scorpio N,Mahindra,Car,2021,1846370,27,Petrol,Automatic,4,2198,7,172,166,SUV,3,No,186,252,9213,44557
Thar,Mahindra,Car,2021,1851832,23,Diesel,Automatic,4,2184,4,130,132,SUV,8,Yes,243,503,13473,34556
Thar,Mahindra,Car,2021,3714919,24,Electric,Automatic,5,2184,4,130,101,SUV,8,No,181,225,14169,43801
Thar,Mahindra,Car,2021,1033429,21,Hybrid,Automatic,3,2184,4,130,203,SUV,2,No,234,637,4303,57462
Thar,Mahindra,Car,2021,3295721,26,Hybrid,Automatic,3,2184,4,130,218,SUV,6,No,242,304,5608,10353
City,Honda,Car,2021,2097415,24,Hybrid,Automatic,4,1498,5,121,358,Sedan,8,No,152,350,14700,35005
City,Honda,Car,2021,3580390,17,Diesel,Manual,5,1498,5,121,170,Sedan,3,Yes,183,315,10137,18057
City,Honda,Car,2021,1294221,24,Petrol,Manual,4,1498,5,121,300,Sedan,8,Yes,219,322,12839,22861
City,Honda,Car,2021,2113359,20,Electric,Automatic,5,1498,5,121,325,Sedan,4,Yes,233,360,5112,11524
Elevate,Honda,Car,2021,2916998,22,Hybrid,Automatic,5,1498,5,121,213,SUV,6,No,156,246,5983,27248
Elevate,Honda,Car,2021,3789134,15,Petrol,Manual,3,1498,5,121,332,SUV,2,No,163,266,14518,12357
Elevate,Honda,Car,2021,3131808,26,Diesel,Manual,3,1498,5,121,318,SUV,2,Yes,188,491,14384,14153
Elevate,Honda,Car,2021,2477143,18,Hybrid,Manual,4,1498,5,121,141,SUV,3,No,190,474,8813,14753
Virtus,Volkswagen,Car,2021,3663093,16,Diesel,Manual,3,1498,5,148,382,Sedan,8,Yes,217,467,5483,21773
Virtus,Volkswagen,Car,2021,3419594,27,Petrol,Automatic,5,1498,5,148,378,Sedan,1,No,181,490,3834,28842
Virtus,Volkswagen,Car,2021,3390454,21,Electric,Manual,4,1498,5,148,197,Sedan,4,Yes,196,455,6147,25426
Virtus,Volkswagen,Car,2021,4163119,20,Diesel,Manual,3,1498,5,148,220,Sedan,2,Yes,202,649,12503,12575
Taigun,Volkswagen,Car,2021,3410950,26,Electric,Manual,4,1498,5,148,160,SUV,8,No,227,544,11281,47726
Taigun,Volkswagen,Car,2021,3576506,16,Diesel,Manual,3,1498,5,148,145,SUV,2,No,182,390,5681,38198
Taigun,Volkswagen,Car,2021,3023051,26,Electric,Automatic,3,1498,5,148,144,SUV,3,No,179,632,13242,47726
Taigun,Volkswagen,Car,2021,812597,18,Hybrid,Manual,4,1498,5,148,262,SUV,6,Yes,158,632,11676,57941
Kushaq,Skoda,Car,2021,2904798,17,Hybrid,Manual,3,1498,5,148,316,SUV,4,Yes,152,586,11900,26841
Kushaq,Skoda,Car,2021,4487760,20,Hybrid,Manual,4,1498,5,148,356,SUV,2,No,194,228,11810,19970
Kushaq,Skoda,Car,2021,2960827,18,Petrol,Manual,5,1498,5,148,116,SUV,2,No,172,501,14275,22230
Kushaq,Skoda,Car,2021,2128550,18,Diesel,Automatic,4,1498,5,148,310,SUV,8,No,158,623,14891,38555
Slavia,Skoda,Car,2021,2783465,18,Diesel,Manual,4,1498,5,148,209,Sedan,1,Yes,235,234,8426,21024
Slavia,Skoda,Car,2021,1573604,23,Hybrid,Automatic,4,1498,5,148,132,Sedan,3,No,184,583,10807,52246
Slavia,Skoda,Car,2021,1464795,20,Electric,Automatic,3,1498,5,148,359,Sedan,3,Yes,178,294,10954,22847
Slavia,Skoda,Car,2021,871915,22,Electric,Automatic,4,1498,5,148,253,Sedan,3,Yes,209,279,12803,28517
Apache RTR 160,TVS,Bike,2021,123188,33,Petrol,Manual,3,160,2,16,214,Bike,1,Yes,182,447,13208,33705
Apache RTR 160,TVS,Bike,2021,342164,45,Diesel,Automatic,3,160,2,16,306,Bike,8,Yes,179,697,6809,28789
Apache RTR 160,TVS,Bike,2021,194466,73,Hybrid,Automatic,3,160,2,16,144,Bike,7,No,241,510,11376,59312
Apache RTR 160,TVS,Bike,2021,152586,58,Electric,Automatic,5,160,2,16,178,Bike,2,No,250,390,10167,59701
Apache RTR 200,TVS,Bike,2021,397756,71,Petrol,Automatic,4,198,2,20,170,Bike,7,Yes,172,340,13571,29042
Apache RTR 200,TVS,Bike,2021,391672,73,Diesel,Automatic,4,198,2,20,350,Bike,6,Yes,231,395,14313,35349
Apache RTR 200,TVS,Bike,2021,222741,64,Hybrid,Automatic,5,198,2,20,170,Bike,3,Yes,153,643,8275,43688
Apache RTR 200,TVS,Bike,2021,98010,73,Petrol,Automatic,4,198,2,20,276,Bike,2,Yes,156,293,13108,38765
Ronin,TVS,Bike,2021,388149,53,Diesel,Automatic,5,225,2,20,269,Bike,3,No,228,395,4855,17000
Ronin,TVS,Bike,2021,261303,49,Diesel,Automatic,5,225,2,20,305,Bike,1,No,169,555,8285,40184
Ronin,TVS,Bike,2021,228031,53,Diesel,Automatic,5,225,2,20,208,Bike,8,No,233,647,10845,23803
Ronin,TVS,Bike,2021,308217,52,Hybrid,Automatic,3,225,2,20,285,Bike,3,Yes,228,539,5681,21951
Raider 125,TVS,Bike,2021,233156,31,Diesel,Automatic,4,124,2,11,340,Bike,3,No,246,397,14967,19400
Raider 125,TVS,Bike,2021,99756,67,Petrol,Automatic,5,124,2,11,379,Bike,4,Yes,216,218,12586,25858
Raider 125,TVS,Bike,2021,220674,70,Diesel,Automatic,4,124,2,11,350,Bike,6,Yes,226,232,5437,17281
Raider 125,TVS,Bike,2021,380400,61,Petrol,Manual,5,124,2,11,202,Bike,7,No,236,268,4593,49121
Pulsar N160,Bajaj,Bike,2021,135045,54,Diesel,Automatic,4,164,2,16,282,Bike,1,Yes,190,508,7748,45121
Pulsar N160,Bajaj,Bike,2021,239276,34,Electric,Automatic,4,164,2,16,170,Bike,6,No,189,392,6825,32748
Pulsar N160,Bajaj,Bike,2021,197540,60,Hybrid,Manual,3,164,2,16,388,Bike,8,Yes,192,375,3462,41488
Pulsar N160,Bajaj,Bike,2021,177843,58,Electric,Manual,4,164,2,16,96,Bike,1,No,196,280,6105,45239
Pulsar NS200,Bajaj,Bike,2021,390085,54,Hybrid,Manual,4,199,2,24,152,Bike,2,No,186,404,13005,52951
Pulsar NS200,Bajaj,Bike,2021,291992,34,Diesel,Automatic,5,199,2,24,245,Bike,8,No,221,538,13866,37147
Pulsar NS200,Bajaj,Bike,2021,244635,52,Electric,Automatic,4,199,2,24,367,Bike,8,No,164,513,11892,28000
Pulsar NS200,Bajaj,Bike,2021,361095,29,Hybrid,Manual,5,199,2,24,319,Bike,3,Yes,250,226,3662,49468
Dominar 400,Bajaj,Bike,2021,364026,64,Electric,Automatic,4,373,2,40,143,Bike,3,Yes,202,678,10212,15169
Dominar 400,Bajaj,Bike,2021,321348,31,Electric,Automatic,3,373,2,40,175,Bike,7,No,198,622,9474,47736
Dominar 400,Bajaj,Bike,2021,288228,49,Hybrid,Automatic,3,373,2,40,116,Bike,7,Yes,211,374,5761,26761
Dominar 400,Bajaj,Bike,2021,227580,41,Electric,Automatic,4,373,2,40,135,Bike,2,No,231,402,14122,19020
Splendor Plus,Hero,Bike,2021,316219,71,Electric,Manual,5,97,2,8,189,Bike,3,Yes,233,265,6172,52786
Splendor Plus,Hero,Bike,2021,91836,59,Electric,Automatic,3,97,2,8,309,Bike,8,No,188,579,6466,32516
Splendor Plus,Hero,Bike,2021,159789,70,Hybrid,Automatic,5,97,2,8,278,Bike,7,Yes,155,589,7489,43278
Splendor Plus,Hero,Bike,2021,337537,57,Hybrid,Manual,4,97,2,8,343,Bike,3,No,209,372,12401,59635
Xpulse 200,Hero,Bike,2021,153432,62,Hybrid,Manual,4,200,2,18,127,Bike,2,No,215,254,9254,26029
Xpulse 200,Hero,Bike,2021,180466,49,Diesel,Manual,4,200,2,18,122,Bike,7,Yes,225,437,7333,45633
Xpulse 200,Hero,Bike,2021,177567,32,Diesel,Automatic,4,200,2,18,289,Bike,3,No,223,516,3280,27120
Xpulse 200,Hero,Bike,2021,294404,52,Petrol,Manual,4,200,2,18,336,Bike,7,No,189,574,12169,58473
Xtreme 160R,Hero,Bike,2021,209082,31,Hybrid,Automatic,3,163,2,15,111,Bike,8,No,229,224,7191,22862
Xtreme 160R,Hero,Bike,2021,312186,31,Electric,Automatic,4,163,2,15,298,Bike,2,No,152,665,14173,12151
Xtreme 160R,Hero,Bike,2021,187418,63,Diesel,Manual,5,163,2,15,337,Bike,1,No,168,331,4005,33045
Xtreme 160R,Hero,Bike,2021,155420,52,Electric,Automatic,4,163,2,15,170,Bike,6,Yes,214,321,8355,17289
Shine,Honda,Bike,2021,208848,33,Hybrid,Automatic,4,125,2,10,125,Bike,1,Yes,158,266,12605,11724
Shine,Honda,Bike,2021,322264,35,Electric,Automatic,4,125,2,10,185,Bike,2,No,188,382,3181,54221
Shine,Honda,Bike,2021,363211,48,Diesel,Automatic,3,125,2,10,223,Bike,8,No,164,687,6857,53735
Shine,Honda,Bike,2021,379367,38,Hybrid,Manual,5,125,2,10,122,Bike,4,No,202,249,5054,44871
SP125,Honda,Bike,2021,268825,45,Hybrid,Automatic,4,125,2,10,137,Bike,5,Yes,160,448,7593,31096
SP125,Honda,Bike,2021,176564,52,Petrol,Manual,3,125,2,10,179,Bike,3,No,227,520,3661,25944
SP125,Honda,Bike,2021,267332,31,Petrol,Manual,5,125,2,10,156,Bike,2,No,163,284,7195,45087
SP125,Honda,Bike,2021,262671,61,Petrol,Manual,4,125,2,10,122,Bike,4,Yes,154,335,8660,44059
Hornet 2.0,Honda,Bike,2021,145573,53,Electric,Manual,3,184,2,17,298,Bike,6,No,202,388,8471,59759
Hornet 2.0,Honda,Bike,2021,206827,34,Hybrid,Manual,3,184,2,17,190,Bike,7,No,197,684,5364,15704
Hornet 2.0,Honda,Bike,2021,104136,58,Petrol,Manual,4,184,2,17,150,Bike,3,Yes,234,331,7350,25487
Hornet 2.0,Honda,Bike,2021,217053,70,Petrol,Automatic,3,184,2,17,119,Bike,4,Yes,195,485,6328,22948
CB350,Honda,Bike,2021,381312,68,Electric,Automatic,5,348,2,21,113,Bike,3,No,248,533,6494,54101
CB350,Honda,Bike,2021,229451,38,Diesel,Automatic,5,348,2,21,234,Bike,8,No,230,207,10413,44461
CB350,Honda,Bike,2021,327834,28,Hybrid,Manual,5,348,2,21,332,Bike,6,No,231,224,3105,54877
CB350,Honda,Bike,2021,183256,71,Diesel,Manual,5,348,2,21,279,Bike,4,No,220,648,10794,30387
Classic 350,Royal Enfield,Bike,2021,283943,57,Electric,Manual,5,349,2,20,129,Bike,4,No,180,622,12644,23165
Classic 350,Royal Enfield,Bike,2021,112909,34,Petrol,Automatic,5,349,2,20,339,Bike,7,Yes,152,643,14840,39864
Classic 350,Royal Enfield,Bike,2021,306110,45,Petrol,Automatic,3,349,2,20,181,Bike,1,Yes,179,482,3610,25401
Classic 350,Royal Enfield,Bike,2021,249670,48,Electric,Automatic,4,349,2,20,181,Bike,4,No,220,358,13879,27239
Hunter 350,Royal Enfield,Bike,2021,177266,41,Electric,Manual,5,349,2,20,195,Bike,6,No,221,444,10874,12433
Hunter 350,Royal Enfield,Bike,2021,264408,56,Electric,Automatic,4,349,2,20,400,Bike,3,Yes,170,370,13374,47738
Hunter 350,Royal Enfield,Bike,2021,340933,48,Diesel,Manual,5,349,2,20,281,Bike,7,Yes,235,416,7158,29761
Hunter 350,Royal Enfield,Bike,2021,364305,61,Diesel,Automatic,5,349,2,20,145,Bike,2,No,190,368,10241,41130
Meteor 350,Royal Enfield,Bike,2021,387800,75,Petrol,Manual,4,349,2,20,320,Bike,8,No,155,295,14204,45621
Meteor 350,Royal Enfield,Bike,2021,356990,66,Petrol,Automatic,5,349,2,20,234,Bike,2,No,196,562,6562,48692
Meteor 350,Royal Enfield,Bike,2021,362328,54,Hybrid,Automatic,3,349,2,20,305,Bike,2,No,173,542,10691,30649
Meteor 350,Royal Enfield,Bike,2021,166995,74,Petrol,Automatic,4,349,2,20,309,Bike,3,No,193,345,4659,29045
Himalayan 450,Royal Enfield,Bike,2021,184446,41,Diesel,Manual,4,452,2,40,245,Bike,8,No,177,515,11369,55913
Himalayan 450,Royal Enfield,Bike,2021,153350,75,Petrol,Manual,4,452,2,40,268,Bike,6,No,232,416,10261,12201
Himalayan 450,Royal Enfield,Bike,2021,335124,71,Petrol,Automatic,3,452,2,40,374,Bike,6,Yes,214,626,3435,43802
Himalayan 450,Royal Enfield,Bike,2021,88436,37,Hybrid,Automatic,4,452,2,40,93,Bike,5,No,185,294,4145,37150
R15 V4,Yamaha,Bike,2021,319488,71,Electric,Manual,3,155,2,18,109,Bike,3,No,176,237,4964,43680
R15 V4,Yamaha,Bike,2021,142091,64,Diesel,Automatic,3,155,2,18,244,Bike,3,Yes,195,661,13965,26645
R15 V4,Yamaha,Bike,2021,137716,33,Hybrid,Manual,5,155,2,18,167,Bike,3,Yes,250,304,11448,35257
R15 V4,Yamaha,Bike,2021,387279,40,Electric,Manual,4,155,2,18,171,Bike,4,Yes,248,329,13553,43836
MT15,Yamaha,Bike,2021,140491,72,Petrol,Automatic,3,155,2,18,192,Bike,3,No,227,242,8290,37597
MT15,Yamaha,Bike,2021,271003,64,Diesel,Automatic,5,155,2,18,291,Bike,3,No,192,630,7116,51176
MT15,Yamaha,Bike,2021,328070,30,Hybrid,Manual,4,155,2,18,374,Bike,1,No,192,264,14692,18747
MT15,Yamaha,Bike,2021,117188,67,Electric,Automatic,3,155,2,18,115,Bike,3,Yes,238,238,8059,17403
FZ-S,Yamaha,Bike,2021,174297,31,Electric,Manual,5,149,2,12,310,Bike,1,Yes,209,268,6744,23435
FZ-S,Yamaha,Bike,2021,234478,56,Hybrid,Automatic,3,149,2,12,255,Bike,4,No,244,488,11375,19884
FZ-S,Yamaha,Bike,2021,279124,31,Diesel,Manual,4,149,2,12,266,Bike,1,Yes,220,217,5641,27354
FZ-S,Yamaha,Bike,2021,162477,33,Petrol,Automatic,3,149,2,12,209,Bike,6,No,203,203,8653,33298
Duke 200,KTM,Bike,2021,210578,62,Petrol,Manual,5,199,2,25,249,Bike,6,Yes,233,671,14371,53703
Duke 200,KTM,Bike,2021,166937,36,Hybrid,Manual,3,199,2,25,275,Bike,5,Yes,235,202,5475,56833
Duke 200,KTM,Bike,2021,315110,74,Diesel,Manual,5,199,2,25,310,Bike,5,Yes,184,389,3158,29754
Duke 200,KTM,Bike,2021,220286,40,Diesel,Manual,5,199,2,25,341,Bike,6,No,227,321,10109,50912
Duke 390,KTM,Bike,2021,163631,34,Petrol,Automatic,5,399,2,46,145,Bike,8,No,182,511,5354,40869
Duke 390,KTM,Bike,2021,81003,60,Diesel,Automatic,5,399,2,46,213,Bike,3,No,225,203,14370,20056
Duke 390,KTM,Bike,2021,149644,73,Diesel,Automatic,5,399,2,46,235,Bike,3,No,155,536,8949,14186
Duke 390,KTM,Bike,2021,286278,66,Diesel,Manual,3,399,2,46,117,Bike,7,No,234,526,3323,10470
RC 390,KTM,Bike,2021,365362,59,Petrol,Automatic,5,399,2,46,207,Bike,8,No,162,537,3834,35271
RC 390,KTM,Bike,2021,351592,51,Diesel,Automatic,3,399,2,46,340,Bike,6,Yes,225,370,6368,17015
RC 390,KTM,Bike,2021,375766,70,Electric,Automatic,5,399,2,46,127,Bike,4,Yes,236,347,11328,51577
RC 390,KTM,Bike,2021,367444,45,Petrol,Manual,5,399,2,46,321,Bike,2,No,204,568,10034,13510
Swift,Maruti,Car,2022,3944941,18,Hybrid,Manual,5,1197,5,89,274,Hatchback,3,Yes,176,511,5992,10832
Swift,Maruti,Car,2022,2074759,15,Diesel,Manual,4,1197,5,89,187,Hatchback,2,Yes,211,228,4387,50184
Swift,Maruti,Car,2022,4004644,18,Petrol,Manual,5,1197,5,89,389,Hatchback,5,Yes,228,549,13641,13536
Swift,Maruti,Car,2022,1354361,21,Diesel,Manual,4,1197,5,89,367,Hatchback,5,No,176,421,7406,39664
Baleno,Maruti,Car,2022,3509706,18,Petrol,Automatic,5,1197,5,89,396,Hatchback,8,No,169,384,14939,14432
Baleno,Maruti,Car,2022,3317018,28,Hybrid,Automatic,3,1197,5,89,348,Hatchback,2,Yes,249,438,6700,47711
Baleno,Maruti,Car,2022,4363990,27,Diesel,Manual,3,1197,5,89,245,Hatchback,1,Yes,239,452,7367,28328
Baleno,Maruti,Car,2022,3937584,18,Electric,Manual,3,1197,5,89,230,Hatchback,2,No,184,583,7256,40435
Dzire,Maruti,Car,2022,4079208,27,Diesel,Manual,5,1197,5,89,209,Sedan,3,No,205,492,13065,54375
Dzire,Maruti,Car,2022,4347698,26,Diesel,Automatic,5,1197,5,89,349,Sedan,6,Yes,204,287,11614,59795
Dzire,Maruti,Car,2022,2352598,17,Petrol,Automatic,5,1197,5,89,280,Sedan,8,No,221,694,11458,48075
Dzire,Maruti,Car,2022,1988111,14,Diesel,Automatic,5,1197,5,89,391,Sedan,8,No,197,631,9194,31287
Brezza,Maruti,Car,2022,4329780,20,Hybrid,Automatic,4,1462,5,103,135,SUV,4,Yes,212,357,12088,36205
Brezza,Maruti,Car,2022,807100,18,Electric,Manual,5,1462,5,103,283,SUV,4,Yes,192,534,3395,47674
Brezza,Maruti,Car,2022,935120,23,Electric,Manual,4,1462,5,103,140,SUV,8,No,168,563,6419,52626
Brezza,Maruti,Car,2022,4472097,14,Hybrid,Manual,4,1462,5,103,237,SUV,7,No,180,492,6225,33911
Fronx,Maruti,Car,2022,2071855,24,Electric,Manual,4,1197,5,99,265,SUV,1,No,150,598,10571,11355
Fronx,Maruti,Car,2022,2131663,18,Electric,Manual,3,1197,5,99,337,SUV,4,Yes,184,421,4613,54719
Fronx,Maruti,Car,2022,4062273,16,Electric,Manual,4,1197,5,99,135,SUV,8,No,249,238,5368,58451
Fronx,Maruti,Car,2022,2476613,16,Petrol,Automatic,4,1197,5,99,345,SUV,1,Yes,172,269,14450,30375
Grand Vitara,Maruti,Car,2022,2526651,20,Hybrid,Manual,5,1490,5,114,165,SUV,3,Yes,174,669,10334,55858
Grand Vitara,Maruti,Car,2022,1136635,16,Petrol,Automatic,5,1490,5,114,305,SUV,4,No,190,523,6701,21368
Grand Vitara,Maruti,Car,2022,3399154,26,Hybrid,Manual,4,1490,5,114,167,SUV,2,Yes,220,477,6489,16079
Grand Vitara,Maruti,Car,2022,2730273,25,Hybrid,Manual,3,1490,5,114,110,SUV,7,No,165,384,7508,27821
Nexon,Tata,Car,2022,2862692,28,Diesel,Manual,3,1497,5,113,397,SUV,3,Yes,242,602,14259,18715
Nexon,Tata,Car,2022,1244312,18,Hybrid,Manual,5,1497,5,113,358,SUV,5,No,161,212,5048,36479
Nexon,Tata,Car,2022,2644887,17,Hybrid,Manual,5,1497,5,113,185,SUV,1,Yes,241,423,11083,35850
Nexon,Tata,Car,2022,1008988,23,Diesel,Manual,3,1497,5,113,305,SUV,6,No,175,663,14032,30896
Punch,Tata,Car,2022,2972559,14,Diesel,Manual,3,1199,5,86,361,SUV,8,No,166,211,3327,58971
Punch,Tata,Car,2022,3548898,24,Diesel,Automatic,5,1199,5,86,234,SUV,6,No,222,569,10054,43372
Punch,Tata,Car,2022,1764148,22,Petrol,Automatic,4,1199,5,86,309,SUV,3,No,169,255,10542,46110
Punch,Tata,Car,2022,982321,24,Diesel,Automatic,3,1199,5,86,386,SUV,1,Yes,242,381,6691,32535
Harrier,Tata,Car,2022,1320148,22,Petrol,Manual,5,1956,5,168,92,SUV,7,Yes,179,690,11420,51387
Harrier,Tata,Car,2022,3618214,19,Hybrid,Automatic,3,1956,5,168,351,SUV,3,Yes,237,255,6745,26296
Harrier,Tata,Car,2022,1514663,17,Diesel,Automatic,3,1956,5,168,142,SUV,5,Yes,217,390,11911,18910
Harrier,Tata,Car,2022,4096908,15,Electric,Automatic,5,1956,5,168,257,SUV,5,Yes,247,437,14707,47623
Safari,Tata,Car,2022,1066006,27,Petrol,Manual,3,1956,7,168,263,SUV,1,Yes,187,579,6099,20060
Safari,Tata,Car,2022,1413607,18,Hybrid,Automatic,5,1956,7,168,254,SUV,2,No,183,637,4920,16416
Safari,Tata,Car,2022,3928910,19,Diesel,Automatic,3,1956,7,168,225,SUV,3,Yes,207,420,12608,55204
Safari,Tata,Car,2022,3882973,19,Diesel,Manual,3,1956,7,168,192,SUV,8,Yes,250,579,14761,32258
Altroz,Tata,Car,2022,3452541,27,Diesel,Manual,3,1199,5,88,91,Hatchback,7,Yes,244,578,3431,34523
Altroz,Tata,Car,2022,2373974,28,Hybrid,Automatic,4,1199,5,88,177,Hatchback,1,No,198,648,12186,16851
Altroz,Tata,Car,2022,3686106,15,Electric,Automatic,4,1199,5,88,170,Hatchback,1,Yes,186,403,12311,17887
Altroz,Tata,Car,2022,1526468,26,Hybrid,Automatic,3,1199,5,88,280,Hatchback,1,No,175,234,11858,17458
Tiago,Tata,Car,2022,4120058,22,Hybrid,Automatic,3,1199,5,86,196,Hatchback,3,Yes,203,540,9856,20462
Tiago,Tata,Car,2022,4230305,14,Hybrid,Automatic,3,1199,5,86,175,Hatchback,8,No,241,496,7630,30138
Tiago,Tata,Car,2022,1577995,15,Diesel,Automatic,5,1199,5,86,233,Hatchback,4,No,161,307,11815,29822
Tiago,Tata,Car,2022,3379360,19,Petrol,Manual,3,1199,5,86,341,Hatchback,2,No,156,552,5437,38718
Creta,Hyundai,Car,2022,4006721,18,Petrol,Automatic,3,1497,5,115,150,SUV,3,Yes,212,422,14345,48113
Creta,Hyundai,Car,2022,2034438,27,Hybrid,Manual,3,1497,5,115,224,SUV,7,Yes,224,349,4656,57247
Creta,Hyundai,Car,2022,2818669,16,Diesel,Automatic,3,1497,5,115,131,SUV,6,No,239,489,11813,24918
Creta,Hyundai,Car,2022,1164410,15,Electric,Manual,4,1497,5,115,99,SUV,4,Yes,184,260,4706,36448
Venue,Hyundai,Car,2022,1167868,22,Electric,Automatic,5,1493,5,113,138,SUV,1,No,185,601,10022,51347
Venue,Hyundai,Car,2022,2046626,17,Hybrid,Manual,3,1493,5,113,184,SUV,2,Yes,177,526,6420,59400
Venue,Hyundai,Car,2022,1086687,16,Diesel,Automatic,4,1493,5,113,250,SUV,4,No,195,515,8017,10080
Venue,Hyundai,Car,2022,3327938,26,Petrol,Manual,3,1493,5,113,238,SUV,7,Yes,210,279,7961,57684
Verna,Hyundai,Car,2022,4296002,25,Diesel,Automatic,5,1482,5,158,261,Sedan,6,Yes,208,538,7154,43252
Verna,Hyundai,Car,2022,4036525,20,Petrol,Automatic,4,1482,5,158,368,Sedan,2,Yes,181,457,7960,41686
Verna,Hyundai,Car,2022,2395680,24,Hybrid,Manual,5,1482,5,158,248,Sedan,7,No,239,696,5899,45462
Verna,Hyundai,Car,2022,4002051,19,Diesel,Manual,4,1482,5,158,202,Sedan,7,Yes,193,340,10151,37458
i20,Hyundai,Car,2022,1818880,14,Diesel,Automatic,5,1197,5,82,396,Hatchback,5,Yes,245,476,5872,12326
i20,Hyundai,Car,2022,2336390,24,Electric,Manual,5,1197,5,82,400,Hatchback,4,Yes,225,242,4815,36736
i20,Hyundai,Car,2022,1008491,14,Petrol,Automatic,3,1197,5,82,157,Hatchback,5,Yes,160,401,7022,55216
i20,Hyundai,Car,2022,2872015,25,Electric,Manual,5,1197,5,82,116,Hatchback,7,Yes,236,603,14336,40752
Sonet,Kia,Car,2022,4137609,27,Electric,Automatic,5,1493,5,115,146,SUV,8,No,244,592,10263,50763
Sonet,Kia,Car,2022,1346737,24,Petrol,Automatic,5,1493,5,115,166,SUV,4,Yes,162,513,11054,45746
Sonet,Kia,Car,2022,3091342,14,Hybrid,Manual,5,1493,5,115,396,SUV,3,Yes,178,474,6713,29189
Sonet,Kia,Car,2022,3050172,17,Diesel,Automatic,4,1493,5,115,208,SUV,2,Yes,225,462,3000,19247
Seltos,Kia,Car,2022,2031763,22,Hybrid,Automatic,4,1497,5,115,357,SUV,1,No,157,303,10661,17327
Seltos,Kia,Car,2022,1922291,21,Petrol,Manual,4,1497,5,115,229,SUV,1,No,178,571,11976,29773
Seltos,Kia,Car,2022,2138460,18,Electric,Automatic,4,1497,5,115,232,SUV,4,No,190,382,14558,35764
Seltos,Kia,Car,2022,3106227,18,Diesel,Manual,3,1497,5,115,136,SUV,2,Yes,217,439,4744,37676
Carens,Kia,Car,2022,3860204,28,Diesel,Manual,4,1493,7,115,298,MPV,4,Yes,208,298,3476,12522
Carens,Kia,Car,2022,1952823,19,Diesel,Manual,4,1493,7,115,122,MPV,6,No,181,697,12375,58692
Carens,Kia,Car,2022,2110485,21,Electric,Automatic,3,1493,7,115,398,MPV,7,Yes,172,521,4232,17085
Carens,Kia,Car,2022,1872387,27,Electric,Automatic,5,1493,7,115,138,MPV,3,No,232,401,4334,32653
XUV700,Mahindra,Car,2022,1478214,27,Electric,Automatic,5,2198,7,182,266,SUV,2,No,158,519,12023,30359
XUV700,Mahindra,Car,2022,1458938,25,Hybrid,Automatic,5,2198,7,182,163,SUV,1,Yes,212,552,11471,46030
XUV700,Mahindra,Car,2022,4065359,14,Hybrid,Manual,3,2198,7,182,290,SUV,4,Yes,173,255,6482,24750
XUV700,Mahindra,Car,2022,3125909,23,Electric,Manual,3,2198,7,182,213,SUV,5,No,242,682,14056,41741
Scorpio N,Mahindra,Car,2022,4111363,22,Diesel,Manual,3,2198,7,172,268,SUV,1,No,239,682,13257,13730
Scorpio N,Mahindra,Car,2022,1381602,15,Hybrid,Manual,5,2198,7,172,388,SUV,8,Yes,187,623,10418,50297
Scorpio N,Mahindra,Car,2022,1753235,21,Electric,Automatic,5,2198,7,172,227,SUV,3,No,234,330,5260,59581
Scorpio N,Mahindra,Car,2022,1403421,16,Diesel,Automatic,5,2198,7,172,314,SUV,4,Yes,184,541,4302,38287
Thar,Mahindra,Car,2022,1453744,14,Diesel,Manual,3,2184,4,130,176,SUV,5,Yes,229,201,8358,10054
Thar,Mahindra,Car,2022,2184882,25,Petrol,Automatic,3,2184,4,130,165,SUV,8,No,224,255,8204,29039
Thar,Mahindra,Car,2022,3572552,27,Hybrid,Manual,3,2184,4,130,102,SUV,7,No,231,605,6924,27794
Thar,Mahindra,Car,2022,1975219,21,Diesel,Automatic,5,2184,4,130,185,SUV,6,No,171,399,6224,19193
City,Honda,Car,2022,4002617,14,Diesel,Manual,3,1498,5,121,230,Sedan,6,No,150,388,7931,23158
City,Honda,Car,2022,3393073,15,Petrol,Automatic,3,1498,5,121,326,Sedan,1,Yes,205,272,5648,18680
City,Honda,Car,2022,2481288,28,Diesel,Automatic,5,1498,5,121,168,Sedan,3,No,170,579,11560,20982
City,Honda,Car,2022,4358470,27,Hybrid,Manual,4,1498,5,121,220,Sedan,2,No,217,529,13347,11864
Elevate,Honda,Car,2022,772704,23,Diesel,Automatic,3,1498,5,121,146,SUV,2,No,158,246,5836,34633
Elevate,Honda,Car,2022,1076108,15,Diesel,Automatic,3,1498,5,121,221,SUV,1,Yes,225,575,4419,48187
Elevate,Honda,Car,2022,4344003,24,Diesel,Automatic,3,1498,5,121,297,SUV,2,Yes,201,242,5126,37352
Elevate,Honda,Car,2022,2539812,26,Hybrid,Manual,5,1498,5,121,239,SUV,2,Yes,179,458,11765,20349
Virtus,Volkswagen,Car,2022,3074545,17,Petrol,Manual,5,1498,5,148,106,Sedan,5,Yes,161,263,9695,20352
Virtus,Volkswagen,Car,2022,799009,15,Hybrid,Manual,5,1498,5,148,270,Sedan,2,No,157,446,6613,51341
Virtus,Volkswagen,Car,2022,4241661,16,Hybrid,Manual,3,1498,5,148,394,Sedan,4,Yes,238,351,14261,19957
Virtus,Volkswagen,Car,2022,3233441,25,Petrol,Automatic,5,1498,5,148,135,Sedan,8,Yes,172,640,11680,44434
Taigun,Volkswagen,Car,2022,4251152,22,Hybrid,Automatic,5,1498,5,148,387,SUV,7,No,173,227,14020,49831
Taigun,Volkswagen,Car,2022,1585805,16,Hybrid,Automatic,4,1498,5,148,393,SUV,1,Yes,224,591,6025,56484
Taigun,Volkswagen,Car,2022,4218020,22,Electric,Manual,5,1498,5,148,329,SUV,2,No,237,310,4718,44540
Taigun,Volkswagen,Car,2022,2939423,22,Hybrid,Automatic,4,1498,5,148,208,SUV,4,No,223,631,4863,24870
Kushaq,Skoda,Car,2022,3281327,19,Hybrid,Automatic,5,1498,5,148,96,SUV,6,Yes,171,558,3527,22040
Kushaq,Skoda,Car,2022,2422421,21,Petrol,Manual,3,1498,5,148,261,SUV,1,Yes,226,219,3516,21371
Kushaq,Skoda,Car,2022,2834846,24,Hybrid,Manual,4,1498,5,148,190,SUV,6,Yes,195,537,7043,13135
Kushaq,Skoda,Car,2022,3092168,20,Electric,Manual,5,1498,5,148,344,SUV,1,No,181,359,12734,25169
Slavia,Skoda,Car,2022,1194958,23,Petrol,Manual,4,1498,5,148,249,Sedan,3,Yes,178,462,4383,37845
Slavia,Skoda,Car,2022,2153106,16,Diesel,Automatic,3,1498,5,148,217,Sedan,7,Yes,230,584,5625,15060
Slavia,Skoda,Car,2022,1152477,19,Petrol,Automatic,3,1498,5,148,391,Sedan,3,Yes,182,488,9200,41886
Slavia,Skoda,Car,2022,3713917,23,Petrol,Automatic,3,1498,5,148,182,Sedan,1,Yes,225,292,10070,35721
Apache RTR 160,TVS,Bike,2022,235003,56,Hybrid,Automatic,4,160,2,16,298,Bike,4,No,182,378,4688,26102
Apache RTR 160,TVS,Bike,2022,387956,54,Petrol,Automatic,4,160,2,16,206,Bike,3,No,193,602,6475,55350
Apache RTR 160,TVS,Bike,2022,334020,55,Diesel,Automatic,4,160,2,16,390,Bike,5,Yes,180,654,14201,44280
Apache RTR 160,TVS,Bike,2022,352525,34,Hybrid,Automatic,5,160,2,16,127,Bike,3,No,218,379,6613,20010
Apache RTR 200,TVS,Bike,2022,191701,31,Hybrid,Automatic,4,198,2,20,350,Bike,6,No,167,442,6135,28667
Apache RTR 200,TVS,Bike,2022,113199,63,Diesel,Automatic,3,198,2,20,323,Bike,3,Yes,219,300,13093,10274
Apache RTR 200,TVS,Bike,2022,311505,63,Electric,Automatic,3,198,2,20,173,Bike,1,No,180,223,8658,26935
Apache RTR 200,TVS,Bike,2022,146602,30,Petrol,Manual,3,198,2,20,103,Bike,1,No,189,390,10073,32513
Ronin,TVS,Bike,2022,308887,50,Diesel,Automatic,5,225,2,20,322,Bike,2,Yes,233,426,6453,55281
Ronin,TVS,Bike,2022,332192,45,Petrol,Manual,5,225,2,20,254,Bike,8,No,243,491,9332,14688
Ronin,TVS,Bike,2022,369209,61,Diesel,Automatic,3,225,2,20,113,Bike,7,No,156,268,9256,11021
Ronin,TVS,Bike,2022,352151,59,Hybrid,Manual,5,225,2,20,237,Bike,1,No,239,316,8965,26369
Raider 125,TVS,Bike,2022,385084,47,Hybrid,Automatic,3,124,2,11,235,Bike,1,No,184,563,8163,56809
Raider 125,TVS,Bike,2022,187157,37,Petrol,Manual,3,124,2,11,104,Bike,6,No,171,254,12091,42949
Raider 125,TVS,Bike,2022,269223,35,Diesel,Automatic,3,124,2,11,147,Bike,5,No,202,539,10744,32514
Raider 125,TVS,Bike,2022,331857,72,Petrol,Automatic,5,124,2,11,251,Bike,8,No,212,300,12486,46755
Pulsar N160,Bajaj,Bike,2022,297171,46,Hybrid,Manual,3,164,2,16,98,Bike,7,No,162,349,9719,31796
Pulsar N160,Bajaj,Bike,2022,258269,40,Hybrid,Automatic,5,164,2,16,109,Bike,3,No,207,448,12301,33827
Pulsar N160,Bajaj,Bike,2022,113482,31,Petrol,Manual,5,164,2,16,311,Bike,1,Yes,161,696,10600,49961
Pulsar N160,Bajaj,Bike,2022,258467,63,Hybrid,Automatic,5,164,2,16,158,Bike,6,Yes,244,627,6490,26484
Pulsar NS200,Bajaj,Bike,2022,388566,50,Diesel,Manual,5,199,2,24,113,Bike,8,No,201,526,7144,23912
Pulsar NS200,Bajaj,Bike,2022,176037,57,Electric,Automatic,5,199,2,24,373,Bike,2,No,231,615,5612,41833
Pulsar NS200,Bajaj,Bike,2022,336870,69,Electric,Automatic,3,199,2,24,336,Bike,7,No,249,684,8202,24697
Pulsar NS200,Bajaj,Bike,2022,264547,60,Diesel,Manual,3,199,2,24,247,Bike,7,No,211,518,7791,14401
Dominar 400,Bajaj,Bike,2022,297400,36,Petrol,Manual,3,373,2,40,267,Bike,4,No,186,294,3973,52495
Dominar 400,Bajaj,Bike,2022,341363,29,Diesel,Automatic,3,373,2,40,263,Bike,4,No,163,258,12845,52708
Dominar 400,Bajaj,Bike,2022,382857,61,Petrol,Automatic,5,373,2,40,336,Bike,1,No,247,392,5497,42981
Dominar 400,Bajaj,Bike,2022,355673,36,Petrol,Manual,5,373,2,40,292,Bike,7,Yes,233,468,11336,13162
Splendor Plus,Hero,Bike,2022,378951,43,Petrol,Automatic,4,97,2,8,400,Bike,1,Yes,197,256,9608,59959
Splendor Plus,Hero,Bike,2022,139828,63,Hybrid,Manual,3,97,2,8,110,Bike,8,Yes,205,496,13287,15385
Splendor Plus,Hero,Bike,2022,369732,41,Hybrid,Manual,5,97,2,8,152,Bike,7,No,160,491,5436,17135
Splendor Plus,Hero,Bike,2022,294894,37,Electric,Manual,5,97,2,8,331,Bike,1,Yes,213,627,12271,11023
Xpulse 200,Hero,Bike,2022,272184,58,Electric,Manual,4,200,2,18,218,Bike,3,No,164,233,12558,46524
Xpulse 200,Hero,Bike,2022,81624,57,Electric,Manual,4,200,2,18,110,Bike,2,Yes,211,684,10230,29351
Xpulse 200,Hero,Bike,2022,200122,67,Diesel,Automatic,3,200,2,18,283,Bike,1,Yes,161,565,14570,53757
Xpulse 200,Hero,Bike,2022,144740,56,Petrol,Automatic,4,200,2,18,168,Bike,7,Yes,212,509,7733,14981
Xtreme 160R,Hero,Bike,2022,297566,64,Hybrid,Automatic,3,163,2,15,206,Bike,1,Yes,231,635,9019,12125
Xtreme 160R,Hero,Bike,2022,399417,68,Electric,Automatic,5,163,2,15,279,Bike,7,Yes,249,480,5938,51769
Xtreme 160R,Hero,Bike,2022,389922,61,Hybrid,Automatic,4,163,2,15,380,Bike,4,No,205,465,9264,20199
Xtreme 160R,Hero,Bike,2022,266496,75,Petrol,Automatic,4,163,2,15,391,Bike,7,Yes,188,666,9769,37069
Shine,Honda,Bike,2022,342454,42,Petrol,Manual,5,125,2,10,201,Bike,4,No,171,468,3088,24761
Shine,Honda,Bike,2022,190452,53,Hybrid,Automatic,5,125,2,10,383,Bike,5,Yes,201,347,11664,48283
Shine,Honda,Bike,2022,112764,71,Diesel,Manual,5,125,2,10,332,Bike,2,Yes,179,200,10921,14538
Shine,Honda,Bike,2022,112930,33,Electric,Automatic,4,125,2,10,374,Bike,6,Yes,209,274,12966,51451
SP125,Honda,Bike,2022,128522,55,Diesel,Manual,5,125,2,10,162,Bike,6,Yes,224,672,8209,33671
SP125,Honda,Bike,2022,147882,35,Diesel,Automatic,5,125,2,10,276,Bike,5,No,216,627,7343,23240
SP125,Honda,Bike,2022,249695,29,Hybrid,Automatic,4,125,2,10,378,Bike,1,No,211,512,6178,43051
SP125,Honda,Bike,2022,177596,34,Electric,Automatic,4,125,2,10,259,Bike,8,No,170,483,10559,17998
Hornet 2.0,Honda,Bike,2022,196283,62,Hybrid,Automatic,5,184,2,17,372,Bike,3,Yes,153,214,6743,56762
Hornet 2.0,Honda,Bike,2022,85614,42,Diesel,Automatic,3,184,2,17,206,Bike,3,No,168,473,10987,46867
Hornet 2.0,Honda,Bike,2022,159762,68,Diesel,Automatic,5,184,2,17,352,Bike,2,No,227,402,5631,33189
Hornet 2.0,Honda,Bike,2022,346658,55,Hybrid,Automatic,5,184,2,17,302,Bike,7,Yes,222,464,4171,38052
CB350,Honda,Bike,2022,187271,73,Petrol,Manual,3,348,2,21,145,Bike,4,No,246,209,7222,22992
CB350,Honda,Bike,2022,274473,61,Petrol,Manual,3,348,2,21,367,Bike,6,Yes,200,205,10562,20259
CB350,Honda,Bike,2022,183475,72,Petrol,Manual,5,348,2,21,151,Bike,8,No,250,426,4082,17996
CB350,Honda,Bike,2022,362558,41,Petrol,Automatic,4,348,2,21,136,Bike,1,No,210,237,8784,29137
Classic 350,Royal Enfield,Bike,2022,249800,70,Electric,Automatic,3,349,2,20,141,Bike,7,No,229,513,13719,17105
Classic 350,Royal Enfield,Bike,2022,367344,32,Diesel,Automatic,3,349,2,20,373,Bike,4,Yes,187,629,8185,16994
Classic 350,Royal Enfield,Bike,2022,192838,47,Hybrid,Automatic,5,349,2,20,360,Bike,7,No,215,353,4981,22774
Classic 350,Royal Enfield,Bike,2022,353726,58,Petrol,Manual,4,349,2,20,245,Bike,3,Yes,213,352,8380,18958
Hunter 350,Royal Enfield,Bike,2022,394355,59,Hybrid,Automatic,5,349,2,20,180,Bike,7,Yes,214,487,9453,50200
Hunter 350,Royal Enfield,Bike,2022,379345,47,Hybrid,Automatic,3,349,2,20,382,Bike,3,Yes,209,312,14193,51755
Hunter 350,Royal Enfield,Bike,2022,334249,46,Petrol,Manual,4,349,2,20,154,Bike,3,No,150,547,7585,31546
Hunter 350,Royal Enfield,Bike,2022,163510,68,Diesel,Automatic,3,349,2,20,309,Bike,8,No,169,417,6881,25935
Meteor 350,Royal Enfield,Bike,2022,374697,38,Electric,Automatic,3,349,2,20,286,Bike,8,No,162,332,4029,24053
Meteor 350,Royal Enfield,Bike,2022,259068,49,Petrol,Manual,5,349,2,20,308,Bike,7,No,228,359,13038,10638
Meteor 350,Royal Enfield,Bike,2022,131308,74,Petrol,Automatic,3,349,2,20,246,Bike,1,No,159,530,3949,14080
Meteor 350,Royal Enfield,Bike,2022,251172,70,Petrol,Automatic,4,349,2,20,325,Bike,3,No,178,200,4110,17190
Himalayan 450,Royal Enfield,Bike,2022,378679,30,Electric,Automatic,4,452,2,40,334,Bike,7,No,243,458,11174,13509
Himalayan 450,Royal Enfield,Bike,2022,187249,60,Electric,Manual,5,452,2,40,309,Bike,3,No,235,342,10707,37195
Himalayan 450,Royal Enfield,Bike,2022,324780,33,Diesel,Manual,3,452,2,40,291,Bike,3,No,206,621,4659,35504
Himalayan 450,Royal Enfield,Bike,2022,296679,43,Diesel,Manual,4,452,2,40,291,Bike,1,No,150,404,7287,56242
R15 V4,Yamaha,Bike,2022,154211,49,Diesel,Automatic,4,155,2,18,252,Bike,6,Yes,159,278,14262,25742
R15 V4,Yamaha,Bike,2022,207428,48,Electric,Manual,4,155,2,18,301,Bike,7,No,232,563,5127,23005
R15 V4,Yamaha,Bike,2022,187549,54,Diesel,Automatic,3,155,2,18,382,Bike,4,No,178,396,14937,37665
R15 V4,Yamaha,Bike,2022,225060,51,Petrol,Automatic,5,155,2,18,232,Bike,7,Yes,153,433,14986,51706
MT15,Yamaha,Bike,2022,247061,67,Petrol,Automatic,3,155,2,18,272,Bike,6,No,190,663,14726,42722
MT15,Yamaha,Bike,2022,336601,58,Hybrid,Manual,4,155,2,18,201,Bike,6,Yes,156,383,5990,43685
MT15,Yamaha,Bike,2022,398639,66,Petrol,Automatic,5,155,2,18,378,Bike,7,No,243,395,14953,10728
MT15,Yamaha,Bike,2022,193873,40,Diesel,Manual,4,155,2,18,227,Bike,8,No,196,477,7825,16655
FZ-S,Yamaha,Bike,2022,81838,31,Petrol,Automatic,4,149,2,12,144,Bike,4,Yes,177,210,8468,25169
FZ-S,Yamaha,Bike,2022,236531,43,Electric,Automatic,5,149,2,12,99,Bike,4,No,182,630,14435,21852
FZ-S,Yamaha,Bike,2022,163141,42,Hybrid,Automatic,5,149,2,12,275,Bike,5,Yes,172,295,8290,17056
FZ-S,Yamaha,Bike,2022,316633,75,Electric,Automatic,4,149,2,12,141,Bike,7,No,193,271,6670,14461
Duke 200,KTM,Bike,2022,289988,36,Petrol,Automatic,4,199,2,25,269,Bike,3,No,186,204,4259,13024
Duke 200,KTM,Bike,2022,241282,29,Diesel,Manual,4,199,2,25,396,Bike,2,Yes,215,565,4970,45535
Duke 200,KTM,Bike,2022,290071,64,Petrol,Automatic,5,199,2,25,254,Bike,3,Yes,190,615,5733,48798
Duke 200,KTM,Bike,2022,208111,34,Electric,Manual,4,199,2,25,395,Bike,7,Yes,185,544,5122,43268
Duke 390,KTM,Bike,2022,294540,66,Hybrid,Manual,4,399,2,46,383,Bike,8,No,195,603,4559,22220
Duke 390,KTM,Bike,2022,288644,29,Diesel,Automatic,5,399,2,46,146,Bike,8,No,211,330,11129,20019
Duke 390,KTM,Bike,2022,199979,31,Diesel,Manual,4,399,2,46,191,Bike,6,Yes,186,681,3323,32587
Duke 390,KTM,Bike,2022,325609,68,Petrol,Manual,4,399,2,46,286,Bike,8,No,154,274,3169,41333
RC 390,KTM,Bike,2022,374329,52,Diesel,Manual,4,399,2,46,353,Bike,3,Yes,219,357,12992,16341
RC 390,KTM,Bike,2022,234364,39,Petrol,Manual,5,399,2,46,183,Bike,4,Yes,166,259,8114,56771
RC 390,KTM,Bike,2022,214886,50,Petrol,Manual,5,399,2,46,338,Bike,6,No,163,476,10117,40093
RC 390,KTM,Bike,2022,283437,32,Petrol,Manual,5,399,2,46,150,Bike,1,No,156,600,10985,32488
Swift,Maruti,Car,2023,3409203,25,Hybrid,Automatic,3,1197,5,89,352,Hatchback,4,Yes,183,468,7629,32510
Swift,Maruti,Car,2023,1992030,14,Electric,Automatic,3,1197,5,89,163,Hatchback,2,Yes,186,518,7634,25952
Swift,Maruti,Car,2023,4339876,21,Hybrid,Manual,4,1197,5,89,194,Hatchback,5,Yes,244,437,6498,48665
Swift,Maruti,Car,2023,3730934,22,Diesel,Manual,5,1197,5,89,128,Hatchback,8,Yes,236,294,4229,44068
Baleno,Maruti,Car,2023,1094711,26,Electric,Manual,3,1197,5,89,92,Hatchback,5,No,190,593,7740,33970
Baleno,Maruti,Car,2023,859855,14,Electric,Automatic,4,1197,5,89,110,Hatchback,8,No,191,404,4983,43727
Baleno,Maruti,Car,2023,1848758,28,Petrol,Automatic,4,1197,5,89,353,Hatchback,6,No,223,233,8646,50277
Baleno,Maruti,Car,2023,2256164,23,Diesel,Automatic,3,1197,5,89,171,Hatchback,2,No,153,613,8893,29585
Dzire,Maruti,Car,2023,3594459,25,Hybrid,Manual,3,1197,5,89,257,Sedan,4,Yes,224,353,6778,57872
Dzire,Maruti,Car,2023,4260646,14,Diesel,Manual,3,1197,5,89,247,Sedan,6,Yes,160,603,6719,31002
Dzire,Maruti,Car,2023,2354878,25,Petrol,Manual,3,1197,5,89,348,Sedan,7,Yes,184,547,13574,25914
Dzire,Maruti,Car,2023,3581133,28,Hybrid,Automatic,3,1197,5,89,126,Sedan,4,No,187,223,4497,28069
Brezza,Maruti,Car,2023,2150406,21,Electric,Manual,5,1462,5,103,146,SUV,5,Yes,175,606,12767,52404
Brezza,Maruti,Car,2023,2013864,14,Hybrid,Automatic,5,1462,5,103,237,SUV,5,Yes,227,494,6898,23229
Brezza,Maruti,Car,2023,4180416,22,Petrol,Automatic,4,1462,5,103,364,SUV,7,Yes,233,585,11697,13131
Brezza,Maruti,Car,2023,766041,15,Diesel,Automatic,5,1462,5,103,231,SUV,8,Yes,200,375,10607,37210
Fronx,Maruti,Car,2023,2714585,15,Petrol,Automatic,4,1197,5,99,272,SUV,6,Yes,243,212,4781,34212
Fronx,Maruti,Car,2023,3191929,18,Electric,Automatic,4,1197,5,99,313,SUV,3,No,219,239,6965,38593
Fronx,Maruti,Car,2023,2008710,20,Diesel,Automatic,5,1197,5,99,216,SUV,6,Yes,187,484,11873,31405
Fronx,Maruti,Car,2023,3161913,22,Hybrid,Manual,3,1197,5,99,288,SUV,5,Yes,237,264,11503,28777
Grand Vitara,Maruti,Car,2023,3195265,21,Hybrid,Manual,3,1490,5,114,173,SUV,8,Yes,236,535,6865,54680
Grand Vitara,Maruti,Car,2023,2316602,25,Electric,Automatic,3,1490,5,114,195,SUV,1,Yes,179,235,3645,47576
Grand Vitara,Maruti,Car,2023,3163357,22,Hybrid,Manual,5,1490,5,114,379,SUV,3,Yes,249,302,9145,43394
Grand Vitara,Maruti,Car,2023,3616984,15,Electric,Automatic,5,1490,5,114,201,SUV,1,Yes,199,227,3872,46905
Nexon,Tata,Car,2023,1267293,28,Diesel,Automatic,3,1497,5,113,171,SUV,2,Yes,224,376,8149,12140
Nexon,Tata,Car,2023,3177905,23,Electric,Automatic,3,1497,5,113,220,SUV,8,Yes,157,583,7680,58292
Nexon,Tata,Car,2023,835505,26,Hybrid,Manual,5,1497,5,113,291,SUV,7,Yes,222,601,8682,58505
Nexon,Tata,Car,2023,4087584,21,Electric,Automatic,4,1497,5,113,333,SUV,7,Yes,162,469,8345,51858
Punch,Tata,Car,2023,4433423,23,Petrol,Automatic,3,1199,5,86,374,SUV,8,Yes,204,387,10251,20241
Punch,Tata,Car,2023,3463800,21,Diesel,Automatic,3,1199,5,86,141,SUV,3,Yes,202,544,8009,51741
Punch,Tata,Car,2023,2510924,26,Electric,Manual,5,1199,5,86,221,SUV,6,No,201,651,14554,17097
Punch,Tata,Car,2023,3609089,18,Hybrid,Manual,4,1199,5,86,138,SUV,3,Yes,206,273,3325,10641
Harrier,Tata,Car,2023,864861,18,Electric,Manual,3,1956,5,168,226,SUV,8,Yes,230,671,3667,33587
Harrier,Tata,Car,2023,1272174,22,Diesel,Manual,3,1956,5,168,324,SUV,7,No,209,338,9168,15357
Harrier,Tata,Car,2023,3952429,20,Hybrid,Manual,3,1956,5,168,380,SUV,1,No,218,580,11361,21635
Harrier,Tata,Car,2023,1472200,25,Electric,Manual,4,1956,5,168,323,SUV,2,No,157,241,7982,42510
Safari,Tata,Car,2023,1046569,17,Petrol,Automatic,3,1956,7,168,114,SUV,4,No,214,365,3296,52931
Safari,Tata,Car,2023,1081711,27,Hybrid,Manual,3,1956,7,168,336,SUV,7,No,167,289,12062,58462
Safari,Tata,Car,2023,3493772,24,Petrol,Automatic,5,1956,7,168,165,SUV,2,No,202,374,5545,13526
Safari,Tata,Car,2023,3980928,26,Diesel,Automatic,5,1956,7,168,164,SUV,3,Yes,225,609,7078,44677
Altroz,Tata,Car,2023,663577,14,Petrol,Manual,4,1199,5,88,374,Hatchback,2,Yes,240,222,9407,57658
Altroz,Tata,Car,2023,4087194,24,Electric,Automatic,3,1199,5,88,238,Hatchback,7,No,213,223,11083,12450
Altroz,Tata,Car,2023,909749,25,Hybrid,Manual,3,1199,5,88,334,Hatchback,4,No,249,226,12472,19065
Altroz,Tata,Car,2023,2007508,16,Petrol,Manual,3,1199,5,88,116,Hatchback,2,Yes,180,278,12670,15142
Tiago,Tata,Car,2023,4160879,19,Electric,Manual,5,1199,5,86,238,Hatchback,8,Yes,151,326,9814,12306
Tiago,Tata,Car,2023,4426882,28,Diesel,Manual,5,1199,5,86,281,Hatchback,4,Yes,217,309,7190,14076
Tiago,Tata,Car,2023,3785968,15,Hybrid,Automatic,5,1199,5,86,369,Hatchback,1,No,249,359,3737,31257
Tiago,Tata,Car,2023,2770075,18,Diesel,Automatic,3,1199,5,86,377,Hatchback,3,Yes,162,532,13786,31753
Creta,Hyundai,Car,2023,4425601,18,Diesel,Automatic,5,1497,5,115,145,SUV,8,Yes,247,681,14071,55059
Creta,Hyundai,Car,2023,849387,24,Electric,Manual,4,1497,5,115,390,SUV,5,Yes,247,602,3268,19679
Creta,Hyundai,Car,2023,3992720,18,Petrol,Manual,4,1497,5,115,215,SUV,6,No,236,202,7599,40716
Creta,Hyundai,Car,2023,727404,28,Petrol,Manual,4,1497,5,115,291,SUV,3,No,245,595,5325,21188
Venue,Hyundai,Car,2023,4381919,22,Petrol,Manual,3,1493,5,113,354,SUV,8,No,172,582,9670,16221
Venue,Hyundai,Car,2023,1247749,17,Petrol,Manual,5,1493,5,113,374,SUV,6,No,174,351,11027,55424
Venue,Hyundai,Car,2023,1157280,15,Electric,Automatic,5,1493,5,113,217,SUV,5,No,245,564,13490,47690
Venue,Hyundai,Car,2023,1306579,28,Electric,Automatic,4,1493,5,113,377,SUV,7,No,183,412,13510,34326
Verna,Hyundai,Car,2023,4098208,27,Hybrid,Automatic,4,1482,5,158,105,Sedan,4,No,177,571,4991,15020
Verna,Hyundai,Car,2023,3014666,28,Hybrid,Manual,5,1482,5,158,124,Sedan,5,Yes,214,281,7061,53786
Verna,Hyundai,Car,2023,2179842,18,Hybrid,Automatic,5,1482,5,158,207,Sedan,1,No,222,605,14912,51601
Verna,Hyundai,Car,2023,4224061,27,Petrol,Manual,5,1482,5,158,333,Sedan,7,Yes,211,671,6924,58939
i20,Hyundai,Car,2023,3216003,15,Hybrid,Automatic,5,1197,5,82,297,Hatchback,1,No,235,481,7651,43395
i20,Hyundai,Car,2023,2405951,24,Diesel,Manual,5,1197,5,82,347,Hatchback,6,No,212,670,8309,58183
i20,Hyundai,Car,2023,1002399,23,Petrol,Automatic,3,1197,5,82,112,Hatchback,4,No,241,518,10414,34590
i20,Hyundai,Car,2023,3375700,28,Hybrid,Manual,3,1197,5,82,287,Hatchback,6,Yes,158,574,10857,48652
Sonet,Kia,Car,2023,2624656,23,Hybrid,Automatic,5,1493,5,115,368,SUV,5,Yes,223,361,6076,52099
Sonet,Kia,Car,2023,697409,18,Diesel,Manual,4,1493,5,115,379,SUV,2,Yes,206,408,12794,37236
Sonet,Kia,Car,2023,2311584,23,Diesel,Manual,3,1493,5,115,221,SUV,8,Yes,191,536,4452,38642
Sonet,Kia,Car,2023,3907543,14,Electric,Manual,3,1493,5,115,211,SUV,4,No,184,454,7806,20340
Seltos,Kia,Car,2023,2352128,23,Diesel,Manual,4,1497,5,115,271,SUV,2,No,155,284,12910,29519
Seltos,Kia,Car,2023,768286,28,Hybrid,Manual,5,1497,5,115,230,SUV,3,No,163,555,10068,47837
Seltos,Kia,Car,2023,2842914,25,Diesel,Automatic,4,1497,5,115,209,SUV,4,No,232,677,14444,30391
Seltos,Kia,Car,2023,3862572,28,Petrol,Manual,4,1497,5,115,258,SUV,6,Yes,162,409,9717,39215
Carens,Kia,Car,2023,2256004,24,Petrol,Automatic,3,1493,7,115,99,MPV,6,No,170,325,11075,35031
Carens,Kia,Car,2023,2757667,25,Diesel,Manual,5,1493,7,115,137,MPV,2,Yes,244,364,12626,35157
Carens,Kia,Car,2023,1380210,15,Hybrid,Manual,4,1493,7,115,128,MPV,6,Yes,238,297,10103,34110
Carens,Kia,Car,2023,4158392,28,Petrol,Manual,4,1493,7,115,329,MPV,2,Yes,171,324,6396,49943
XUV700,Mahindra,Car,2023,1110800,17,Hybrid,Automatic,3,2198,7,182,284,SUV,3,Yes,161,476,4140,41500
XUV700,Mahindra,Car,2023,3544655,27,Petrol,Automatic,3,2198,7,182,375,SUV,3,Yes,190,466,13033,23770
XUV700,Mahindra,Car,2023,1045452,17,Electric,Manual,3,2198,7,182,198,SUV,1,No,237,455,12129,22563
XUV700,Mahindra,Car,2023,2685729,15,Hybrid,Automatic,3,2198,7,182,213,SUV,5,No,221,510,12555,18607
Scorpio N,Mahindra,Car,2023,3644309,23,Hybrid,Manual,4,2198,7,172,117,SUV,7,No,152,525,14494,13384
Scorpio N,Mahindra,Car,2023,2315593,21,Electric,Manual,4,2198,7,172,160,SUV,5,No,201,280,5595,25182
Scorpio N,Mahindra,Car,2023,2139789,20,Petrol,Automatic,3,2198,7,172,398,SUV,4,Yes,176,243,9186,18186
Scorpio N,Mahindra,Car,2023,2836002,14,Hybrid,Manual,4,2198,7,172,344,SUV,6,No,219,468,13514,18725
Thar,Mahindra,Car,2023,2532846,25,Petrol,Automatic,4,2184,4,130,332,SUV,4,No,172,459,4203,36468
Thar,Mahindra,Car,2023,3643938,14,Hybrid,Manual,3,2184,4,130,237,SUV,2,Yes,248,492,3710,47409
Thar,Mahindra,Car,2023,3318424,26,Petrol,Automatic,4,2184,4,130,184,SUV,1,Yes,214,232,10623,28505
Thar,Mahindra,Car,2023,1628999,21,Petrol,Manual,5,2184,4,130,100,SUV,8,Yes,189,498,12225,11581
City,Honda,Car,2023,4375691,14,Petrol,Automatic,3,1498,5,121,130,Sedan,5,Yes,186,282,4077,41219
City,Honda,Car,2023,3950206,15,Petrol,Manual,3,1498,5,121,129,Sedan,1,No,233,371,5741,31943
City,Honda,Car,2023,1857221,21,Diesel,Automatic,5,1498,5,121,123,Sedan,8,Yes,249,359,13922,45638
City,Honda,Car,2023,3226971,14,Electric,Automatic,4,1498,5,121,182,Sedan,3,Yes,159,305,10520,20039
Elevate,Honda,Car,2023,1100179,28,Electric,Automatic,3,1498,5,121,123,SUV,2,No,243,617,13552,27911
Elevate,Honda,Car,2023,2514039,18,Hybrid,Manual,3,1498,5,121,97,SUV,5,Yes,244,607,10114,53893
Elevate,Honda,Car,2023,4479656,27,Petrol,Automatic,5,1498,5,121,385,SUV,4,No,165,400,14725,57171
Elevate,Honda,Car,2023,769669,17,Hybrid,Automatic,5,1498,5,121,119,SUV,4,Yes,151,517,12179,36462
Virtus,Volkswagen,Car,2023,2777899,25,Diesel,Manual,4,1498,5,148,178,Sedan,3,Yes,250,371,11216,30805
Virtus,Volkswagen,Car,2023,1452553,19,Hybrid,Automatic,4,1498,5,148,198,Sedan,8,No,215,623,6861,35903
Virtus,Volkswagen,Car,2023,954981,17,Hybrid,Manual,3,1498,5,148,350,Sedan,2,No,153,298,9766,16829
Virtus,Volkswagen,Car,2023,4258176,14,Electric,Manual,3,1498,5,148,304,Sedan,4,Yes,187,526,3517,15990
Taigun,Volkswagen,Car,2023,812775,15,Hybrid,Automatic,5,1498,5,148,309,SUV,3,No,217,362,13448,11476
Taigun,Volkswagen,Car,2023,2262776,25,Electric,Manual,3,1498,5,148,342,SUV,3,No,160,303,11110,41424
Taigun,Volkswagen,Car,2023,908563,23,Petrol,Manual,3,1498,5,148,199,SUV,6,Yes,187,272,9186,32765
Taigun,Volkswagen,Car,2023,4269481,24,Hybrid,Automatic,3,1498,5,148,271,SUV,4,No,186,461,9415,58926
Kushaq,Skoda,Car,2023,2582025,24,Hybrid,Automatic,4,1498,5,148,270,SUV,5,Yes,197,460,7061,27887
Kushaq,Skoda,Car,2023,1455861,22,Electric,Automatic,3,1498,5,148,318,SUV,8,Yes,219,460,11315,44188
Kushaq,Skoda,Car,2023,4433258,25,Hybrid,Manual,3,1498,5,148,374,SUV,1,No,227,603,3784,45599
Kushaq,Skoda,Car,2023,2997932,18,Electric,Manual,4,1498,5,148,139,SUV,8,No,153,494,9334,16115
Slavia,Skoda,Car,2023,3918412,28,Diesel,Manual,4,1498,5,148,131,Sedan,6,Yes,226,496,4149,18911
Slavia,Skoda,Car,2023,2659521,22,Petrol,Manual,5,1498,5,148,131,Sedan,2,Yes,226,207,12313,49640
Slavia,Skoda,Car,2023,1974715,20,Diesel,Manual,3,1498,5,148,256,Sedan,3,No,206,563,3917,36754
Slavia,Skoda,Car,2023,4264413,18,Electric,Automatic,4,1498,5,148,123,Sedan,7,Yes,232,478,9853,30636
Apache RTR 160,TVS,Bike,2023,285323,40,Electric,Manual,4,160,2,16,234,Bike,6,Yes,156,469,9413,47954
Apache RTR 160,TVS,Bike,2023,236922,67,Electric,Manual,5,160,2,16,394,Bike,5,No,229,584,11388,13937
Apache RTR 160,TVS,Bike,2023,149806,69,Electric,Automatic,5,160,2,16,278,Bike,7,Yes,221,504,5630,55132
Apache RTR 160,TVS,Bike,2023,177344,72,Diesel,Automatic,5,160,2,16,314,Bike,3,Yes,168,337,13693,53301
Apache RTR 200,TVS,Bike,2023,213535,74,Diesel,Automatic,5,198,2,20,185,Bike,7,No,159,299,7070,14393
Apache RTR 200,TVS,Bike,2023,140941,33,Diesel,Manual,3,198,2,20,281,Bike,6,No,227,265,3336,45145
Apache RTR 200,TVS,Bike,2023,378428,53,Petrol,Automatic,3,198,2,20,342,Bike,5,No,161,670,10464,20109
Apache RTR 200,TVS,Bike,2023,128233,72,Hybrid,Manual,3,198,2,20,296,Bike,6,No,193,370,13172,31622
Ronin,TVS,Bike,2023,202983,48,Petrol,Automatic,4,225,2,20,232,Bike,8,Yes,212,551,14192,15311
Ronin,TVS,Bike,2023,301630,57,Petrol,Manual,3,225,2,20,183,Bike,1,No,187,634,10863,25787
Ronin,TVS,Bike,2023,399705,74,Hybrid,Manual,4,225,2,20,226,Bike,8,No,191,637,3976,42417
Ronin,TVS,Bike,2023,352534,36,Diesel,Automatic,4,225,2,20,198,Bike,2,No,224,423,13359,50115
Raider 125,TVS,Bike,2023,386206,69,Electric,Manual,4,124,2,11,291,Bike,5,Yes,160,428,3735,58453
Raider 125,TVS,Bike,2023,274793,40,Electric,Manual,3,124,2,11,103,Bike,8,Yes,159,203,5462,31945
Raider 125,TVS,Bike,2023,315953,43,Electric,Manual,3,124,2,11,304,Bike,1,Yes,209,557,3005,10752
Raider 125,TVS,Bike,2023,389217,64,Electric,Manual,4,124,2,11,178,Bike,3,Yes,157,348,3974,46119
Pulsar N160,Bajaj,Bike,2023,352958,64,Electric,Automatic,4,164,2,16,205,Bike,6,No,197,449,4408,15927
Pulsar N160,Bajaj,Bike,2023,85069,75,Hybrid,Manual,4,164,2,16,224,Bike,8,No,189,515,11264,24230
Pulsar N160,Bajaj,Bike,2023,212565,75,Diesel,Automatic,4,164,2,16,133,Bike,8,No,205,567,3206,36100
Pulsar N160,Bajaj,Bike,2023,333102,42,Diesel,Manual,5,164,2,16,246,Bike,1,No,240,387,7128,50514
Pulsar NS200,Bajaj,Bike,2023,176264,60,Diesel,Manual,3,199,2,24,383,Bike,7,Yes,176,584,9720,33326
Pulsar NS200,Bajaj,Bike,2023,151499,64,Hybrid,Manual,4,199,2,24,157,Bike,6,No,192,287,4797,57003
Pulsar NS200,Bajaj,Bike,2023,80751,43,Hybrid,Automatic,4,199,2,24,154,Bike,7,Yes,211,669,5296,23121
Pulsar NS200,Bajaj,Bike,2023,122804,62,Hybrid,Automatic,5,199,2,24,235,Bike,5,Yes,206,228,9808,57272
Dominar 400,Bajaj,Bike,2023,303457,53,Petrol,Automatic,3,373,2,40,328,Bike,1,Yes,151,646,3665,29733
Dominar 400,Bajaj,Bike,2023,355140,28,Diesel,Automatic,5,373,2,40,285,Bike,6,No,226,243,10558,16098
Dominar 400,Bajaj,Bike,2023,238180,36,Petrol,Manual,3,373,2,40,294,Bike,4,Yes,162,482,13718,20177
Dominar 400,Bajaj,Bike,2023,124485,53,Diesel,Automatic,4,373,2,40,123,Bike,4,No,238,384,5176,48780
Splendor Plus,Hero,Bike,2023,330886,47,Hybrid,Manual,3,97,2,8,303,Bike,5,No,188,469,4912,24449
Splendor Plus,Hero,Bike,2023,194071,75,Petrol,Automatic,5,97,2,8,150,Bike,6,No,167,324,7767,50244
Splendor Plus,Hero,Bike,2023,156727,52,Electric,Manual,5,97,2,8,331,Bike,8,Yes,198,489,11533,57894
Splendor Plus,Hero,Bike,2023,125403,40,Petrol,Automatic,5,97,2,8,282,Bike,7,Yes,179,245,3985,12097
Xpulse 200,Hero,Bike,2023,314932,44,Electric,Manual,4,200,2,18,302,Bike,2,No,224,615,4582,21784
Xpulse 200,Hero,Bike,2023,133866,66,Electric,Automatic,5,200,2,18,314,Bike,3,No,205,669,13405,11901
Xpulse 200,Hero,Bike,2023,358358,62,Petrol,Manual,5,200,2,18,274,Bike,8,No,183,357,12978,54301
Xpulse 200,Hero,Bike,2023,205874,74,Petrol,Manual,3,200,2,18,297,Bike,5,Yes,166,284,11109,35940
Xtreme 160R,Hero,Bike,2023,376906,55,Electric,Automatic,4,163,2,15,313,Bike,2,Yes,201,406,11359,53240
Xtreme 160R,Hero,Bike,2023,212075,75,Electric,Manual,3,163,2,15,220,Bike,3,Yes,227,263,9449,12020
Xtreme 160R,Hero,Bike,2023,121819,30,Electric,Manual,4,163,2,15,193,Bike,3,Yes,153,691,7120,23749
Xtreme 160R,Hero,Bike,2023,185414,40,Hybrid,Manual,3,163,2,15,197,Bike,3,No,249,628,12190,50103
Shine,Honda,Bike,2023,276119,50,Hybrid,Automatic,3,125,2,10,106,Bike,5,Yes,188,282,13776,28049
Shine,Honda,Bike,2023,121967,50,Hybrid,Manual,3,125,2,10,163,Bike,3,No,231,434,11047,57067
Shine,Honda,Bike,2023,341056,48,Electric,Automatic,4,125,2,10,175,Bike,1,No,199,640,3563,39460
Shine,Honda,Bike,2023,282231,41,Electric,Automatic,4,125,2,10,325,Bike,4,No,180,209,7634,47510
SP125,Honda,Bike,2023,250878,36,Electric,Manual,3,125,2,10,158,Bike,8,Yes,173,531,14933,26933
SP125,Honda,Bike,2023,82236,41,Electric,Manual,4,125,2,10,228,Bike,6,No,236,680,13278,22948
SP125,Honda,Bike,2023,355420,38,Electric,Automatic,4,125,2,10,185,Bike,8,No,152,632,14251,32100
SP125,Honda,Bike,2023,160367,38,Electric,Automatic,4,125,2,10,325,Bike,4,Yes,216,267,4677,56036
Hornet 2.0,Honda,Bike,2023,286674,34,Hybrid,Manual,4,184,2,17,234,Bike,8,No,191,340,3015,22457
Hornet 2.0,Honda,Bike,2023,276560,51,Hybrid,Manual,4,184,2,17,158,Bike,3,No,235,583,14245,12722
Hornet 2.0,Honda,Bike,2023,128834,45,Petrol,Manual,5,184,2,17,356,Bike,5,Yes,243,642,9906,37728
Hornet 2.0,Honda,Bike,2023,301377,39,Electric,Manual,5,184,2,17,355,Bike,5,No,163,437,4679,36509
CB350,Honda,Bike,2023,301963,66,Diesel,Automatic,3,348,2,21,154,Bike,1,No,196,424,6900,48890
CB350,Honda,Bike,2023,111551,41,Hybrid,Automatic,4,348,2,21,233,Bike,8,Yes,162,458,3709,59272
CB350,Honda,Bike,2023,322969,39,Hybrid,Manual,5,348,2,21,373,Bike,3,Yes,225,244,4130,33820
CB350,Honda,Bike,2023,98292,62,Petrol,Automatic,5,348,2,21,315,Bike,7,Yes,245,490,4058,26978
Classic 350,Royal Enfield,Bike,2023,262652,59,Diesel,Automatic,5,349,2,20,298,Bike,3,Yes,218,471,4702,49962
Classic 350,Royal Enfield,Bike,2023,357283,58,Electric,Manual,5,349,2,20,290,Bike,4,No,200,577,12711,19936
Classic 350,Royal Enfield,Bike,2023,89210,40,Diesel,Manual,4,349,2,20,269,Bike,8,No,236,601,12842,19116
Classic 350,Royal Enfield,Bike,2023,270617,43,Diesel,Automatic,5,349,2,20,221,Bike,3,Yes,228,285,14974,34039
Hunter 350,Royal Enfield,Bike,2023,204656,47,Diesel,Manual,3,349,2,20,273,Bike,8,Yes,197,691,3292,35256
Hunter 350,Royal Enfield,Bike,2023,344171,74,Petrol,Automatic,3,349,2,20,217,Bike,4,Yes,221,406,9456,33823
Hunter 350,Royal Enfield,Bike,2023,107106,44,Petrol,Manual,4,349,2,20,154,Bike,8,No,163,380,6972,47162
Hunter 350,Royal Enfield,Bike,2023,294678,75,Petrol,Manual,5,349,2,20,167,Bike,4,No,246,360,7731,37582
Meteor 350,Royal Enfield,Bike,2023,183476,55,Petrol,Manual,3,349,2,20,130,Bike,3,No,185,587,11529,17967
Meteor 350,Royal Enfield,Bike,2023,302320,52,Diesel,Manual,3,349,2,20,393,Bike,7,No,178,662,9361,45785
Meteor 350,Royal Enfield,Bike,2023,125710,41,Hybrid,Manual,5,349,2,20,269,Bike,7,Yes,179,555,3196,44481
Meteor 350,Royal Enfield,Bike,2023,395090,64,Petrol,Automatic,5,349,2,20,227,Bike,8,Yes,239,658,3111,19965
Himalayan 450,Royal Enfield,Bike,2023,161688,67,Hybrid,Manual,5,452,2,40,119,Bike,4,Yes,180,588,14791,59155
Himalayan 450,Royal Enfield,Bike,2023,393188,36,Petrol,Manual,5,452,2,40,249,Bike,8,No,231,452,4684,34849
Himalayan 450,Royal Enfield,Bike,2023,96920,28,Diesel,Automatic,3,452,2,40,103,Bike,5,No,201,299,7906,58845
Himalayan 450,Royal Enfield,Bike,2023,286079,70,Diesel,Automatic,4,452,2,40,388,Bike,4,Yes,153,539,10083,10329
R15 V4,Yamaha,Bike,2023,178811,50,Hybrid,Automatic,4,155,2,18,166,Bike,2,Yes,239,683,3041,17134
R15 V4,Yamaha,Bike,2023,169883,30,Diesel,Automatic,3,155,2,18,353,Bike,6,No,223,421,4400,21505
R15 V4,Yamaha,Bike,2023,101845,57,Petrol,Automatic,4,155,2,18,105,Bike,1,No,234,627,9930,43125
R15 V4,Yamaha,Bike,2023,282753,41,Hybrid,Manual,3,155,2,18,243,Bike,1,Yes,153,380,5266,35546
MT15,Yamaha,Bike,2023,117208,43,Electric,Automatic,4,155,2,18,163,Bike,2,No,193,638,8441,53216
MT15,Yamaha,Bike,2023,101740,67,Hybrid,Manual,3,155,2,18,268,Bike,3,No,222,471,11552,16746
MT15,Yamaha,Bike,2023,193129,35,Petrol,Manual,4,155,2,18,336,Bike,7,No,213,431,5682,17649
MT15,Yamaha,Bike,2023,132468,47,Electric,Manual,4,155,2,18,141,Bike,7,No,197,305,11748,28482
FZ-S,Yamaha,Bike,2023,179523,34,Electric,Automatic,3,149,2,12,142,Bike,2,Yes,231,205,8490,30122
FZ-S,Yamaha,Bike,2023,200107,75,Hybrid,Automatic,3,149,2,12,200,Bike,5,No,195,357,11311,30759
FZ-S,Yamaha,Bike,2023,336573,67,Hybrid,Manual,5,149,2,12,318,Bike,3,No,234,364,6577,13450
FZ-S,Yamaha,Bike,2023,136124,59,Diesel,Manual,4,149,2,12,369,Bike,2,Yes,177,673,8505,21000
Duke 200,KTM,Bike,2023,274830,47,Petrol,Automatic,4,199,2,25,322,Bike,5,No,179,329,8604,38933
Duke 200,KTM,Bike,2023,125765,54,Petrol,Automatic,4,199,2,25,284,Bike,5,No,182,451,14058,57706
Duke 200,KTM,Bike,2023,359237,63,Hybrid,Manual,3,199,2,25,259,Bike,5,No,230,600,14823,17409
Duke 200,KTM,Bike,2023,313832,73,Petrol,Manual,4,199,2,25,229,Bike,7,No,178,212,10661,40119
Duke 390,KTM,Bike,2023,122029,32,Petrol,Automatic,3,399,2,46,197,Bike,8,No,237,404,11968,16852
Duke 390,KTM,Bike,2023,363229,73,Petrol,Manual,5,399,2,46,105,Bike,6,Yes,247,280,12327,27973
Duke 390,KTM,Bike,2023,260965,69,Petrol,Manual,3,399,2,46,143,Bike,1,Yes,188,678,11928,28419
Duke 390,KTM,Bike,2023,240315,73,Petrol,Automatic,4,399,2,46,196,Bike,6,Yes,179,368,8330,43599
RC 390,KTM,Bike,2023,229522,54,Hybrid,Automatic,4,399,2,46,128,Bike,4,Yes,216,653,7623,18642
RC 390,KTM,Bike,2023,257182,47,Petrol,Automatic,5,399,2,46,268,Bike,3,No,199,652,9276,35349
RC 390,KTM,Bike,2023,296201,51,Petrol,Manual,3,399,2,46,337,Bike,1,Yes,150,502,4305,55290
RC 390,KTM,Bike,2023,87612,72,Hybrid,Automatic,5,399,2,46,111,Bike,5,Yes,188,524,13926,59603
Swift,Maruti,Car,2024,1783298,18,Petrol,Manual,3,1197,5,89,227,Hatchback,4,Yes,219,499,10553,23766
Swift,Maruti,Car,2024,3634218,24,Electric,Automatic,3,1197,5,89,227,Hatchback,8,No,166,676,10086,50077
Swift,Maruti,Car,2024,1554985,21,Diesel,Manual,4,1197,5,89,362,Hatchback,5,No,183,562,12093,31762
Swift,Maruti,Car,2024,1269228,21,Petrol,Automatic,4,1197,5,89,238,Hatchback,3,Yes,226,551,8327,15831
Baleno,Maruti,Car,2024,2801361,17,Electric,Manual,5,1197,5,89,116,Hatchback,7,Yes,181,417,8231,54786
Baleno,Maruti,Car,2024,1748666,25,Electric,Automatic,4,1197,5,89,159,Hatchback,3,Yes,169,378,9985,22995
Baleno,Maruti,Car,2024,2420334,20,Electric,Manual,3,1197,5,89,287,Hatchback,2,No,162,350,3636,54945
Baleno,Maruti,Car,2024,3163502,15,Electric,Automatic,3,1197,5,89,281,Hatchback,6,No,189,481,4509,53346
Dzire,Maruti,Car,2024,1914822,27,Diesel,Automatic,5,1197,5,89,273,Sedan,1,No,250,536,3373,18440
Dzire,Maruti,Car,2024,2066371,26,Petrol,Manual,3,1197,5,89,246,Sedan,2,Yes,162,577,5443,35446
Dzire,Maruti,Car,2024,1588717,16,Diesel,Automatic,3,1197,5,89,308,Sedan,4,Yes,215,505,3808,42398
Dzire,Maruti,Car,2024,2099848,15,Hybrid,Automatic,3,1197,5,89,99,Sedan,1,Yes,180,627,13509,29522
Brezza,Maruti,Car,2024,3720541,26,Diesel,Automatic,3,1462,5,103,186,SUV,3,Yes,227,427,10616,37511
Brezza,Maruti,Car,2024,2520384,22,Hybrid,Manual,5,1462,5,103,311,SUV,2,Yes,238,240,14244,45768
Brezza,Maruti,Car,2024,743770,21,Electric,Automatic,3,1462,5,103,254,SUV,6,No,217,558,8962,58320
Brezza,Maruti,Car,2024,3510009,26,Hybrid,Automatic,4,1462,5,103,183,SUV,4,Yes,153,627,14184,38876
Fronx,Maruti,Car,2024,1652839,27,Petrol,Automatic,3,1197,5,99,224,SUV,5,No,212,376,8338,49609
Fronx,Maruti,Car,2024,1892440,27,Electric,Automatic,5,1197,5,99,395,SUV,3,Yes,201,232,14985,39517
Fronx,Maruti,Car,2024,2171938,19,Hybrid,Manual,4,1197,5,99,198,SUV,6,No,248,505,8885,24434
Fronx,Maruti,Car,2024,797510,24,Petrol,Automatic,5,1197,5,99,173,SUV,7,Yes,226,327,11418,21228
Grand Vitara,Maruti,Car,2024,2868158,28,Electric,Automatic,4,1490,5,114,99,SUV,7,No,239,590,4951,39412
Grand Vitara,Maruti,Car,2024,2519672,23,Petrol,Manual,5,1490,5,114,187,SUV,2,Yes,155,518,3201,52773
Grand Vitara,Maruti,Car,2024,3505119,25,Petrol,Manual,4,1490,5,114,120,SUV,6,Yes,225,238,12829,52629
Grand Vitara,Maruti,Car,2024,1405057,15,Electric,Automatic,5,1490,5,114,146,SUV,7,No,203,534,6555,19292
Nexon,Tata,Car,2024,2830249,16,Hybrid,Automatic,5,1497,5,113,347,SUV,6,Yes,173,244,13673,12323
Nexon,Tata,Car,2024,4485828,28,Electric,Manual,4,1497,5,113,277,SUV,5,Yes,192,599,12978,26188
Nexon,Tata,Car,2024,1388164,23,Diesel,Manual,4,1497,5,113,347,SUV,8,No,161,394,3528,34799
Nexon,Tata,Car,2024,1432450,15,Electric,Manual,4,1497,5,113,107,SUV,1,No,190,586,3541,27483
Punch,Tata,Car,2024,1949775,15,Petrol,Automatic,3,1199,5,86,164,SUV,5,No,205,547,8379,45047
Punch,Tata,Car,2024,1170015,24,Electric,Automatic,3,1199,5,86,198,SUV,6,Yes,195,665,6200,23444
Punch,Tata,Car,2024,3010472,19,Petrol,Manual,3,1199,5,86,226,SUV,3,Yes,241,220,10457,49596
Punch,Tata,Car,2024,2673604,27,Hybrid,Automatic,4,1199,5,86,371,SUV,3,No,183,202,4621,32920
Harrier,Tata,Car,2024,2186621,18,Hybrid,Manual,4,1956,5,168,197,SUV,3,Yes,161,490,14316,17270
Harrier,Tata,Car,2024,1005486,28,Petrol,Manual,3,1956,5,168,100,SUV,8,No,172,403,13440,23957
Harrier,Tata,Car,2024,1485808,15,Electric,Manual,5,1956,5,168,207,SUV,2,No,220,505,3223,43489
Harrier,Tata,Car,2024,1991971,17,Petrol,Manual,4,1956,5,168,182,SUV,5,No,154,496,6026,47440
Safari,Tata,Car,2024,731330,27,Hybrid,Manual,3,1956,7,168,193,SUV,7,Yes,231,642,5589,53818
Safari,Tata,Car,2024,3705561,27,Petrol,Automatic,4,1956,7,168,102,SUV,2,Yes,226,610,6967,18483
Safari,Tata,Car,2024,3462900,21,Electric,Automatic,4,1956,7,168,105,SUV,1,Yes,164,470,5326,47338
Safari,Tata,Car,2024,1363973,21,Diesel,Automatic,3,1956,7,168,209,SUV,6,Yes,243,540,10787,41234
Altroz,Tata,Car,2024,2134184,26,Petrol,Automatic,3,1199,5,88,140,Hatchback,3,Yes,159,493,12904,47675
Altroz,Tata,Car,2024,2420024,18,Diesel,Automatic,3,1199,5,88,117,Hatchback,1,Yes,212,437,11146,31106
Altroz,Tata,Car,2024,4172883,16,Diesel,Manual,5,1199,5,88,152,Hatchback,4,No,159,349,4735,42229
Altroz,Tata,Car,2024,1836249,15,Petrol,Automatic,4,1199,5,88,355,Hatchback,5,No,198,284,3460,15176
Tiago,Tata,Car,2024,1650889,17,Electric,Manual,3,1199,5,86,250,Hatchback,8,No,244,533,12719,35406
Tiago,Tata,Car,2024,3741933,15,Diesel,Manual,3,1199,5,86,272,Hatchback,1,Yes,208,600,10339,41411
Tiago,Tata,Car,2024,1846383,19,Hybrid,Automatic,5,1199,5,86,150,Hatchback,2,Yes,232,441,12015,17036
Tiago,Tata,Car,2024,2342210,20,Diesel,Manual,3,1199,5,86,261,Hatchback,8,No,218,421,9804,57446
Creta,Hyundai,Car,2024,4201732,19,Petrol,Manual,5,1497,5,115,148,SUV,4,No,221,518,12120,49031
Creta,Hyundai,Car,2024,1532749,14,Hybrid,Automatic,4,1497,5,115,152,SUV,6,Yes,159,294,4499,44148
Creta,Hyundai,Car,2024,3713245,22,Electric,Manual,3,1497,5,115,356,SUV,5,Yes,221,538,5868,48748
Creta,Hyundai,Car,2024,854505,23,Electric,Automatic,5,1497,5,115,159,SUV,7,No,235,581,12900,42841
Venue,Hyundai,Car,2024,4044311,24,Diesel,Automatic,4,1493,5,113,316,SUV,1,No,168,623,6647,44266
Venue,Hyundai,Car,2024,3549546,23,Diesel,Automatic,3,1493,5,113,385,SUV,1,No,216,318,7079,56847
Venue,Hyundai,Car,2024,3824640,21,Petrol,Automatic,5,1493,5,113,248,SUV,7,No,219,616,4631,57571
Venue,Hyundai,Car,2024,3931089,18,Petrol,Manual,5,1493,5,113,211,SUV,8,No,245,397,7663,45067
Verna,Hyundai,Car,2024,653068,15,Electric,Automatic,4,1482,5,158,187,Sedan,2,No,210,580,9396,36524
Verna,Hyundai,Car,2024,4154267,16,Petrol,Manual,4,1482,5,158,346,Sedan,4,Yes,205,385,14545,42202
Verna,Hyundai,Car,2024,605879,21,Diesel,Automatic,5,1482,5,158,138,Sedan,2,No,215,651,13302,27340
Verna,Hyundai,Car,2024,1345085,28,Diesel,Automatic,5,1482,5,158,198,Sedan,5,Yes,205,537,3065,20482
i20,Hyundai,Car,2024,4465233,17,Petrol,Automatic,3,1197,5,82,258,Hatchback,1,No,250,287,10917,22675
i20,Hyundai,Car,2024,3496475,19,Diesel,Automatic,4,1197,5,82,108,Hatchback,1,No,205,313,4351,26882
i20,Hyundai,Car,2024,1251400,18,Hybrid,Manual,5,1197,5,82,262,Hatchback,7,Yes,176,497,3547,33045
i20,Hyundai,Car,2024,837108,17,Hybrid,Automatic,4,1197,5,82,242,Hatchback,7,No,222,550,4900,15805
Sonet,Kia,Car,2024,4295790,18,Electric,Automatic,3,1493,5,115,359,SUV,4,Yes,179,263,3926,12958
Sonet,Kia,Car,2024,929243,15,Petrol,Automatic,5,1493,5,115,322,SUV,5,No,207,674,7890,44513
Sonet,Kia,Car,2024,3650733,28,Diesel,Manual,3,1493,5,115,121,SUV,1,No,200,684,7070,44987
Sonet,Kia,Car,2024,1624325,18,Hybrid,Automatic,5,1493,5,115,181,SUV,2,No,170,535,9777,49086
Seltos,Kia,Car,2024,3554451,17,Petrol,Automatic,4,1497,5,115,109,SUV,3,Yes,176,459,7711,46865
Seltos,Kia,Car,2024,4143248,17,Diesel,Automatic,3,1497,5,115,223,SUV,2,No,229,264,14142,17302
Seltos,Kia,Car,2024,1017573,14,Hybrid,Automatic,4,1497,5,115,151,SUV,8,No,179,346,5052,47779
Seltos,Kia,Car,2024,945714,15,Petrol,Automatic,4,1497,5,115,336,SUV,7,Yes,201,686,9073,33669
Carens,Kia,Car,2024,1885492,17,Hybrid,Automatic,4,1493,7,115,126,MPV,6,Yes,177,327,6373,12947
Carens,Kia,Car,2024,2324220,20,Electric,Automatic,3,1493,7,115,228,MPV,8,No,154,686,3900,43730
Carens,Kia,Car,2024,2522761,17,Electric,Automatic,3,1493,7,115,128,MPV,5,No,249,399,10007,50686
Carens,Kia,Car,2024,668170,15,Electric,Manual,3,1493,7,115,281,MPV,8,No,173,215,6610,18832
XUV700,Mahindra,Car,2024,4161849,27,Petrol,Manual,4,2198,7,182,397,SUV,2,No,213,467,4720,31688
XUV700,Mahindra,Car,2024,4089506,28,Petrol,Automatic,3,2198,7,182,371,SUV,4,No,245,603,6168,50419
XUV700,Mahindra,Car,2024,3218024,25,Diesel,Automatic,3,2198,7,182,340,SUV,3,Yes,211,261,8260,10351
XUV700,Mahindra,Car,2024,2146367,14,Diesel,Manual,3,2198,7,182,231,SUV,8,No,192,535,3732,25104
Scorpio N,Mahindra,Car,2024,1597362,28,Electric,Automatic,5,2198,7,172,95,SUV,7,Yes,239,590,13566,35502
Scorpio N,Mahindra,Car,2024,3017364,26,Electric,Manual,5,2198,7,172,209,SUV,5,Yes,180,482,13484,11373
Scorpio N,Mahindra,Car,2024,776456,22,Electric,Automatic,3,2198,7,172,170,SUV,4,No,250,650,13425,47162
Scorpio N,Mahindra,Car,2024,3017567,25,Electric,Manual,3,2198,7,172,246,SUV,2,No,235,566,5535,44260
Thar,Mahindra,Car,2024,4061015,16,Electric,Automatic,4,2184,4,130,141,SUV,8,Yes,164,339,11845,25995
Thar,Mahindra,Car,2024,2213731,21,Petrol,Manual,3,2184,4,130,251,SUV,5,Yes,234,582,9290,33977
Thar,Mahindra,Car,2024,1954346,24,Electric,Manual,4,2184,4,130,96,SUV,3,Yes,240,424,6384,58671
Thar,Mahindra,Car,2024,1830171,27,Petrol,Manual,4,2184,4,130,316,SUV,4,Yes,244,691,14798,25753
City,Honda,Car,2024,1575553,27,Diesel,Automatic,4,1498,5,121,127,Sedan,7,Yes,236,415,8839,31186
City,Honda,Car,2024,4167306,24,Hybrid,Automatic,5,1498,5,121,281,Sedan,8,Yes,161,619,7024,37071
City,Honda,Car,2024,1099992,27,Electric,Automatic,4,1498,5,121,241,Sedan,2,Yes,187,691,10530,18841
City,Honda,Car,2024,4478280,21,Petrol,Manual,5,1498,5,121,367,Sedan,7,No,223,534,10930,50746
Elevate,Honda,Car,2024,1336387,19,Electric,Automatic,5,1498,5,121,219,SUV,6,Yes,201,502,8766,32284
Elevate,Honda,Car,2024,3283047,20,Electric,Automatic,3,1498,5,121,351,SUV,4,No,168,365,9872,19132
Elevate,Honda,Car,2024,4098706,18,Diesel,Manual,5,1498,5,121,150,SUV,8,Yes,180,483,14745,45769
Elevate,Honda,Car,2024,2529372,18,Petrol,Automatic,4,1498,5,121,238,SUV,2,Yes,150,315,3601,57230
Virtus,Volkswagen,Car,2024,643332,24,Petrol,Automatic,4,1498,5,148,277,Sedan,6,No,227,686,12299,53558
Virtus,Volkswagen,Car,2024,1818586,17,Hybrid,Manual,4,1498,5,148,210,Sedan,1,No,169,691,3863,51009
Virtus,Volkswagen,Car,2024,1163647,27,Diesel,Manual,3,1498,5,148,285,Sedan,2,No,165,626,5995,17503
Virtus,Volkswagen,Car,2024,2930226,24,Petrol,Automatic,3,1498,5,148,105,Sedan,1,No,179,487,10775,19026
Taigun,Volkswagen,Car,2024,2132185,19,Electric,Manual,5,1498,5,148,196,SUV,6,No,218,400,3838,27309
Taigun,Volkswagen,Car,2024,3995021,26,Electric,Manual,4,1498,5,148,396,SUV,7,Yes,220,226,10037,16619
Taigun,Volkswagen,Car,2024,4127164,22,Diesel,Automatic,3,1498,5,148,163,SUV,3,Yes,176,390,7528,23638
Taigun,Volkswagen,Car,2024,3942045,27,Hybrid,Manual,5,1498,5,148,106,SUV,8,No,215,340,12352,15897
Kushaq,Skoda,Car,2024,4195947,21,Diesel,Manual,3,1498,5,148,137,SUV,8,Yes,152,599,12603,31158
Kushaq,Skoda,Car,2024,2712229,25,Electric,Manual,4,1498,5,148,239,SUV,5,No,204,439,7468,56597
Kushaq,Skoda,Car,2024,2911892,21,Electric,Manual,4,1498,5,148,111,SUV,7,Yes,161,367,3880,55677
Kushaq,Skoda,Car,2024,3146822,27,Diesel,Manual,4,1498,5,148,282,SUV,6,Yes,188,326,4824,47240
Slavia,Skoda,Car,2024,4301331,17,Diesel,Manual,5,1498,5,148,228,Sedan,1,Yes,248,334,6341,32276
Slavia,Skoda,Car,2024,3733381,17,Diesel,Manual,4,1498,5,148,358,Sedan,8,No,215,671,7383,51607
Slavia,Skoda,Car,2024,2579722,25,Diesel,Automatic,5,1498,5,148,117,Sedan,8,No,161,208,3673,25842
Slavia,Skoda,Car,2024,1570528,26,Petrol,Automatic,3,1498,5,148,127,Sedan,4,Yes,250,691,5999,32052
Apache RTR 160,TVS,Bike,2024,133391,61,Hybrid,Manual,4,160,2,16,234,Bike,2,No,249,553,14969,41226
Apache RTR 160,TVS,Bike,2024,97338,49,Electric,Manual,4,160,2,16,109,Bike,5,Yes,205,336,3813,18015
Apache RTR 160,TVS,Bike,2024,184978,69,Hybrid,Manual,4,160,2,16,315,Bike,7,Yes,245,615,14936,28394
Apache RTR 160,TVS,Bike,2024,246206,73,Petrol,Manual,5,160,2,16,283,Bike,4,Yes,150,263,9752,54640
Apache RTR 200,TVS,Bike,2024,205033,39,Electric,Automatic,3,198,2,20,253,Bike,2,No,156,347,13919,23921
Apache RTR 200,TVS,Bike,2024,321395,52,Electric,Manual,4,198,2,20,173,Bike,1,No,197,609,8987,47639
Apache RTR 200,TVS,Bike,2024,312704,69,Petrol,Automatic,4,198,2,20,149,Bike,8,No,237,670,14378,30282
Apache RTR 200,TVS,Bike,2024,268450,32,Petrol,Automatic,3,198,2,20,203,Bike,4,No,186,409,9695,38235
Ronin,TVS,Bike,2024,329051,56,Hybrid,Automatic,4,225,2,20,222,Bike,8,Yes,221,472,5009,55608
Ronin,TVS,Bike,2024,290302,71,Diesel,Manual,3,225,2,20,394,Bike,8,Yes,249,263,7786,10409
Ronin,TVS,Bike,2024,389909,42,Electric,Automatic,4,225,2,20,109,Bike,3,Yes,203,521,14402,28536
Ronin,TVS,Bike,2024,188884,58,Hybrid,Automatic,4,225,2,20,191,Bike,3,No,235,477,9653,17927
Raider 125,TVS,Bike,2024,219520,43,Hybrid,Manual,4,124,2,11,107,Bike,2,No,157,593,14825,34023
Raider 125,TVS,Bike,2024,382241,65,Diesel,Automatic,5,124,2,11,168,Bike,8,No,249,417,10981,49014
Raider 125,TVS,Bike,2024,210757,35,Petrol,Manual,4,124,2,11,131,Bike,3,No,249,619,14162,30137
Raider 125,TVS,Bike,2024,120760,35,Diesel,Manual,3,124,2,11,192,Bike,2,Yes,203,378,10117,54982
Pulsar N160,Bajaj,Bike,2024,339739,74,Petrol,Automatic,5,164,2,16,132,Bike,6,No,208,249,4847,36609
Pulsar N160,Bajaj,Bike,2024,342989,46,Electric,Automatic,4,164,2,16,372,Bike,3,No,193,576,12765,16408
Pulsar N160,Bajaj,Bike,2024,330116,36,Hybrid,Manual,3,164,2,16,227,Bike,5,Yes,198,640,5099,20407
Pulsar N160,Bajaj,Bike,2024,165616,41,Hybrid,Automatic,4,164,2,16,201,Bike,4,Yes,179,520,10339,29275
Pulsar NS200,Bajaj,Bike,2024,227688,59,Electric,Automatic,4,199,2,24,169,Bike,6,Yes,227,685,14655,16679
Pulsar NS200,Bajaj,Bike,2024,351864,64,Hybrid,Automatic,5,199,2,24,371,Bike,8,No,244,316,9506,12695
Pulsar NS200,Bajaj,Bike,2024,311609,69,Electric,Manual,5,199,2,24,107,Bike,6,Yes,197,246,12386,14276
Pulsar NS200,Bajaj,Bike,2024,216676,75,Hybrid,Automatic,3,199,2,24,243,Bike,1,Yes,222,259,7235,29993
Dominar 400,Bajaj,Bike,2024,166109,63,Electric,Automatic,5,373,2,40,315,Bike,5,No,152,354,6356,41971
Dominar 400,Bajaj,Bike,2024,334028,30,Hybrid,Manual,5,373,2,40,396,Bike,6,Yes,235,585,9982,53704
Dominar 400,Bajaj,Bike,2024,332411,75,Hybrid,Automatic,5,373,2,40,112,Bike,8,No,164,221,9110,47693
Dominar 400,Bajaj,Bike,2024,215872,69,Diesel,Automatic,4,373,2,40,149,Bike,3,Yes,231,218,8643,46457
Splendor Plus,Hero,Bike,2024,281895,69,Hybrid,Automatic,5,97,2,8,202,Bike,6,Yes,241,524,14717,43277
Splendor Plus,Hero,Bike,2024,299718,57,Diesel,Automatic,5,97,2,8,313,Bike,6,No,157,458,12104,46489
Splendor Plus,Hero,Bike,2024,135829,63,Hybrid,Automatic,3,97,2,8,257,Bike,4,Yes,241,284,13159,11949
Splendor Plus,Hero,Bike,2024,159599,29,Electric,Automatic,3,97,2,8,358,Bike,1,No,243,579,3959,39360
Xpulse 200,Hero,Bike,2024,372707,59,Petrol,Automatic,3,200,2,18,294,Bike,8,No,161,201,11683,25931
Xpulse 200,Hero,Bike,2024,253677,56,Hybrid,Automatic,3,200,2,18,330,Bike,5,No,177,631,10113,28786
Xpulse 200,Hero,Bike,2024,160840,42,Hybrid,Automatic,5,200,2,18,303,Bike,5,Yes,203,430,14367,43398
Xpulse 200,Hero,Bike,2024,99567,57,Diesel,Manual,5,200,2,18,353,Bike,6,No,241,569,6217,21587
Xtreme 160R,Hero,Bike,2024,331668,57,Hybrid,Automatic,4,163,2,15,150,Bike,4,Yes,207,546,8323,54016
Xtreme 160R,Hero,Bike,2024,172530,47,Diesel,Manual,4,163,2,15,346,Bike,1,No,173,343,11063,29904
Xtreme 160R,Hero,Bike,2024,103953,35,Electric,Manual,3,163,2,15,284,Bike,3,Yes,153,327,4540,29879
Xtreme 160R,Hero,Bike,2024,164932,59,Petrol,Automatic,4,163,2,15,279,Bike,5,No,233,651,8566,23658
Shine,Honda,Bike,2024,229308,49,Diesel,Automatic,3,125,2,10,269,Bike,1,Yes,163,610,10793,45564
Shine,Honda,Bike,2024,396478,33,Hybrid,Automatic,4,125,2,10,340,Bike,1,Yes,206,697,13057,32521
Shine,Honda,Bike,2024,127708,55,Petrol,Automatic,3,125,2,10,340,Bike,7,No,227,458,5231,53157
Shine,Honda,Bike,2024,174780,51,Diesel,Automatic,3,125,2,10,239,Bike,8,Yes,172,500,8820,45104
SP125,Honda,Bike,2024,351030,67,Petrol,Automatic,3,125,2,10,289,Bike,6,Yes,175,215,12666,46613
SP125,Honda,Bike,2024,371936,31,Electric,Manual,3,125,2,10,109,Bike,5,No,191,376,6706,40434
SP125,Honda,Bike,2024,250071,65,Petrol,Automatic,4,125,2,10,217,Bike,5,Yes,213,254,12928,34379
SP125,Honda,Bike,2024,335125,62,Diesel,Automatic,5,125,2,10,182,Bike,3,No,191,311,6448,55805
Hornet 2.0,Honda,Bike,2024,246804,45,Hybrid,Automatic,4,184,2,17,387,Bike,6,Yes,165,251,9851,36382
Hornet 2.0,Honda,Bike,2024,297117,60,Petrol,Manual,5,184,2,17,379,Bike,4,Yes,209,585,13001,22584
Hornet 2.0,Honda,Bike,2024,359200,41,Diesel,Automatic,5,184,2,17,327,Bike,4,Yes,201,580,7998,44234
Hornet 2.0,Honda,Bike,2024,179300,40,Hybrid,Automatic,4,184,2,17,201,Bike,6,No,194,637,8685,43234
CB350,Honda,Bike,2024,240605,67,Diesel,Manual,5,348,2,21,107,Bike,3,Yes,210,430,4890,18508
CB350,Honda,Bike,2024,177318,72,Petrol,Manual,4,348,2,21,377,Bike,3,No,163,220,4513,53915
CB350,Honda,Bike,2024,327198,34,Hybrid,Manual,3,348,2,21,130,Bike,6,No,190,613,6005,29575
CB350,Honda,Bike,2024,297132,52,Petrol,Automatic,4,348,2,21,294,Bike,8,No,172,424,14781,12364
Classic 350,Royal Enfield,Bike,2024,331030,62,Hybrid,Automatic,4,349,2,20,308,Bike,2,Yes,179,475,5317,24092
Classic 350,Royal Enfield,Bike,2024,262776,32,Electric,Manual,5,349,2,20,238,Bike,5,No,233,468,3257,42452
Classic 350,Royal Enfield,Bike,2024,135926,47,Petrol,Automatic,5,349,2,20,211,Bike,1,Yes,211,401,7506,30683
Classic 350,Royal Enfield,Bike,2024,132462,65,Petrol,Manual,4,349,2,20,153,Bike,8,No,164,215,7010,11852
Hunter 350,Royal Enfield,Bike,2024,352002,60,Petrol,Automatic,4,349,2,20,387,Bike,5,Yes,180,466,12282,43089
Hunter 350,Royal Enfield,Bike,2024,382352,62,Hybrid,Automatic,5,349,2,20,115,Bike,8,No,240,432,3134,22973
Hunter 350,Royal Enfield,Bike,2024,123717,34,Petrol,Automatic,5,349,2,20,92,Bike,8,No,174,319,11215,19006
Hunter 350,Royal Enfield,Bike,2024,268503,65,Diesel,Manual,5,349,2,20,96,Bike,5,No,196,297,13863,30218
Meteor 350,Royal Enfield,Bike,2024,213314,72,Electric,Automatic,5,349,2,20,106,Bike,3,No,185,330,6782,19373
Meteor 350,Royal Enfield,Bike,2024,216147,61,Diesel,Automatic,4,349,2,20,225,Bike,6,Yes,230,207,9603,58152
Meteor 350,Royal Enfield,Bike,2024,242163,33,Electric,Manual,5,349,2,20,107,Bike,8,Yes,152,560,14272,54618
Meteor 350,Royal Enfield,Bike,2024,272409,65,Diesel,Manual,3,349,2,20,304,Bike,2,No,197,580,6517,47378
Himalayan 450,Royal Enfield,Bike,2024,88354,58,Diesel,Manual,4,452,2,40,169,Bike,4,No,230,534,9968,36532
Himalayan 450,Royal Enfield,Bike,2024,327440,43,Electric,Automatic,5,452,2,40,344,Bike,7,No,180,354,3330,52417
Himalayan 450,Royal Enfield,Bike,2024,306212,65,Petrol,Automatic,5,452,2,40,199,Bike,7,No,233,318,8875,59931
Himalayan 450,Royal Enfield,Bike,2024,125198,47,Electric,Manual,5,452,2,40,302,Bike,5,Yes,228,416,9194,57799
R15 V4,Yamaha,Bike,2024,190952,66,Diesel,Automatic,4,155,2,18,256,Bike,3,No,178,201,12351,29943
R15 V4,Yamaha,Bike,2024,161708,58,Electric,Manual,5,155,2,18,299,Bike,4,Yes,216,388,3406,38452
R15 V4,Yamaha,Bike,2024,87427,43,Electric,Automatic,3,155,2,18,201,Bike,8,Yes,150,285,3985,43998
R15 V4,Yamaha,Bike,2024,99050,66,Diesel,Automatic,5,155,2,18,177,Bike,1,Yes,201,639,9962,55026
MT15,Yamaha,Bike,2024,339070,40,Diesel,Automatic,5,155,2,18,357,Bike,6,No,188,495,3081,39037
MT15,Yamaha,Bike,2024,81170,66,Hybrid,Manual,5,155,2,18,198,Bike,1,Yes,195,545,9691,53828
MT15,Yamaha,Bike,2024,91813,48,Diesel,Automatic,5,155,2,18,104,Bike,3,No,179,647,3927,47313
MT15,Yamaha,Bike,2024,376215,53,Petrol,Automatic,5,155,2,18,138,Bike,6,Yes,151,651,4002,20875
FZ-S,Yamaha,Bike,2024,99834,41,Electric,Manual,4,149,2,12,191,Bike,8,No,159,209,8900,30821
FZ-S,Yamaha,Bike,2024,245781,54,Electric,Automatic,3,149,2,12,126,Bike,1,Yes,168,556,4650,34920
FZ-S,Yamaha,Bike,2024,333628,34,Hybrid,Automatic,3,149,2,12,299,Bike,8,Yes,153,219,10536,39242
FZ-S,Yamaha,Bike,2024,280871,30,Hybrid,Manual,3,149,2,12,306,Bike,1,Yes,250,322,12821,47146
Duke 200,KTM,Bike,2024,375774,59,Electric,Manual,3,199,2,25,277,Bike,8,No,216,469,13535,17867
Duke 200,KTM,Bike,2024,241421,72,Hybrid,Manual,5,199,2,25,344,Bike,3,No,179,469,10505,18264
Duke 200,KTM,Bike,2024,130457,48,Electric,Automatic,5,199,2,25,358,Bike,4,Yes,180,625,10259,57823
Duke 200,KTM,Bike,2024,215404,72,Electric,Manual,3,199,2,25,290,Bike,5,Yes,185,202,5030,38886
Duke 390,KTM,Bike,2024,315850,72,Diesel,Manual,3,399,2,46,323,Bike,7,No,232,210,14306,54920
Duke 390,KTM,Bike,2024,288883,64,Petrol,Manual,5,399,2,46,100,Bike,5,No,244,296,8385,19194
Duke 390,KTM,Bike,2024,373116,47,Petrol,Manual,4,399,2,46,392,Bike,1,No,213,590,9795,58949
Duke 390,KTM,Bike,2024,355860,63,Hybrid,Automatic,4,399,2,46,241,Bike,4,Yes,193,205,8643,13559
RC 390,KTM,Bike,2024,149848,52,Petrol,Automatic,3,399,2,46,243,Bike,6,No,155,289,6772,37746
RC 390,KTM,Bike,2024,232559,42,Hybrid,Automatic,5,399,2,46,300,Bike,7,No,211,493,13046,57297
RC 390,KTM,Bike,2024,254530,34,Hybrid,Automatic,5,399,2,46,374,Bike,7,Yes,206,473,12886,54529
RC 390,KTM,Bike,2024,397224,71,Hybrid,Manual,5,399,2,46,206,Bike,5,Yes,246,686,12235,40742
Swift,Maruti,Car,2025,1844456,20,Electric,Automatic,4,1197,5,89,231,Hatchback,6,Yes,192,392,6697,26357
Swift,Maruti,Car,2025,2738792,16,Petrol,Manual,4,1197,5,89,395,Hatchback,2,Yes,203,582,14384,47156
Swift,Maruti,Car,2025,2251808,25,Hybrid,Manual,5,1197,5,89,316,Hatchback,6,No,244,335,12260,17271
Swift,Maruti,Car,2025,2416791,24,Electric,Manual,4,1197,5,89,374,Hatchback,1,Yes,174,389,5251,25352
Baleno,Maruti,Car,2025,2025402,14,Diesel,Manual,4,1197,5,89,91,Hatchback,3,Yes,174,315,13742,22787
Baleno,Maruti,Car,2025,2203186,19,Hybrid,Automatic,3,1197,5,89,336,Hatchback,3,Yes,176,345,8800,36471
Baleno,Maruti,Car,2025,1435662,28,Petrol,Automatic,4,1197,5,89,241,Hatchback,6,No,162,419,6466,32838
Baleno,Maruti,Car,2025,2111879,23,Petrol,Automatic,4,1197,5,89,394,Hatchback,8,Yes,235,217,10207,36901
Dzire,Maruti,Car,2025,4145384,26,Electric,Automatic,4,1197,5,89,180,Sedan,1,Yes,236,635,8662,41127
Dzire,Maruti,Car,2025,1103792,27,Petrol,Automatic,4,1197,5,89,187,Sedan,4,No,226,482,5387,59027
Dzire,Maruti,Car,2025,2243031,16,Electric,Automatic,4,1197,5,89,133,Sedan,4,Yes,188,324,9939,37054
Dzire,Maruti,Car,2025,1638237,25,Hybrid,Manual,4,1197,5,89,273,Sedan,4,No,185,201,11480,14357
Brezza,Maruti,Car,2025,2046622,24,Petrol,Manual,5,1462,5,103,220,SUV,5,Yes,210,699,12583,39016
Brezza,Maruti,Car,2025,3685626,25,Diesel,Manual,3,1462,5,103,342,SUV,7,No,194,614,10192,50190
Brezza,Maruti,Car,2025,901749,22,Petrol,Manual,5,1462,5,103,224,SUV,4,Yes,175,314,3191,27536
Brezza,Maruti,Car,2025,3226309,19,Hybrid,Manual,4,1462,5,103,297,SUV,7,Yes,184,487,13880,18120
Fronx,Maruti,Car,2025,818174,27,Electric,Automatic,4,1197,5,99,384,SUV,5,Yes,166,418,8903,10536
Fronx,Maruti,Car,2025,3556968,26,Electric,Automatic,4,1197,5,99,195,SUV,5,No,209,298,3523,59613
Fronx,Maruti,Car,2025,688446,18,Petrol,Manual,4,1197,5,99,315,SUV,6,No,239,485,5712,25957
Fronx,Maruti,Car,2025,3169824,14,Petrol,Automatic,5,1197,5,99,377,SUV,5,No,243,400,10974,38107
Grand Vitara,Maruti,Car,2025,3992564,20,Hybrid,Manual,5,1490,5,114,154,SUV,1,No,183,536,12212,59483
Grand Vitara,Maruti,Car,2025,2949092,20,Diesel,Automatic,5,1490,5,114,368,SUV,1,Yes,226,655,9102,57587
Grand Vitara,Maruti,Car,2025,3505896,25,Hybrid,Automatic,5,1490,5,114,175,SUV,4,No,185,399,11562,16417
Grand Vitara,Maruti,Car,2025,4019575,23,Hybrid,Automatic,4,1490,5,114,200,SUV,8,Yes,183,666,7117,16754
Nexon,Tata,Car,2025,1843896,18,Diesel,Automatic,3,1497,5,113,229,SUV,2,Yes,216,308,12634,34454
Nexon,Tata,Car,2025,4055670,21,Diesel,Automatic,5,1497,5,113,212,SUV,5,No,181,651,12911,51414
Nexon,Tata,Car,2025,1634904,14,Hybrid,Manual,5,1497,5,113,143,SUV,6,Yes,178,658,7802,38715
Nexon,Tata,Car,2025,2901970,28,Diesel,Automatic,3,1497,5,113,186,SUV,4,Yes,199,557,13297,45376
Punch,Tata,Car,2025,3381779,18,Petrol,Manual,3,1199,5,86,322,SUV,4,No,163,537,7996,41582
Punch,Tata,Car,2025,4325364,14,Diesel,Manual,4,1199,5,86,291,SUV,7,No,230,456,9448,27691
Punch,Tata,Car,2025,2933489,20,Petrol,Manual,3,1199,5,86,270,SUV,3,No,170,423,9598,20817
Punch,Tata,Car,2025,601144,25,Hybrid,Automatic,3,1199,5,86,249,SUV,8,Yes,227,427,5917,38778
Harrier,Tata,Car,2025,732478,28,Hybrid,Manual,4,1956,5,168,385,SUV,6,Yes,196,692,5427,42064
Harrier,Tata,Car,2025,4148125,25,Electric,Automatic,3,1956,5,168,166,SUV,3,No,227,412,10918,53256
Harrier,Tata,Car,2025,1991558,27,Hybrid,Manual,3,1956,5,168,396,SUV,7,Yes,168,333,13036,47946
Harrier,Tata,Car,2025,2003556,20,Hybrid,Manual,4,1956,5,168,135,SUV,5,Yes,234,271,7992,39271
Safari,Tata,Car,2025,3637641,22,Petrol,Manual,5,1956,7,168,228,SUV,8,No,176,632,3852,35793
Safari,Tata,Car,2025,3099269,16,Diesel,Automatic,4,1956,7,168,119,SUV,2,No,158,263,8908,55132
Safari,Tata,Car,2025,3316547,18,Petrol,Manual,3,1956,7,168,189,SUV,8,No,153,430,5458,16061
Safari,Tata,Car,2025,1209555,27,Diesel,Manual,4,1956,7,168,228,SUV,6,Yes,161,360,11999,36255
Altroz,Tata,Car,2025,828948,27,Electric,Automatic,4,1199,5,88,233,Hatchback,6,No,192,697,3368,37587
Altroz,Tata,Car,2025,2717402,14,Hybrid,Automatic,3,1199,5,88,94,Hatchback,3,Yes,177,557,14016,41275
Altroz,Tata,Car,2025,4294075,28,Hybrid,Manual,3,1199,5,88,397,Hatchback,4,No,214,471,9609,44603
Altroz,Tata,Car,2025,2855821,18,Hybrid,Manual,4,1199,5,88,303,Hatchback,5,Yes,215,602,8258,40358
Tiago,Tata,Car,2025,3063518,25,Petrol,Manual,3,1199,5,86,315,Hatchback,7,No,202,491,14839,58401
Tiago,Tata,Car,2025,1907095,19,Petrol,Manual,3,1199,5,86,175,Hatchback,7,Yes,215,258,13462,35291
Tiago,Tata,Car,2025,1865353,19,Diesel,Manual,3,1199,5,86,91,Hatchback,4,No,192,320,9881,37895
Tiago,Tata,Car,2025,3446335,17,Diesel,Automatic,3,1199,5,86,397,Hatchback,8,No,232,306,11848,52823
Creta,Hyundai,Car,2025,725829,26,Hybrid,Automatic,5,1497,5,115,150,SUV,4,No,236,476,8071,21731
Creta,Hyundai,Car,2025,1503508,21,Petrol,Manual,3,1497,5,115,345,SUV,8,Yes,163,302,11419,39868
Creta,Hyundai,Car,2025,4129682,19,Diesel,Automatic,4,1497,5,115,299,SUV,2,Yes,220,534,7732,10537
Creta,Hyundai,Car,2025,3789050,27,Diesel,Manual,4,1497,5,115,336,SUV,2,Yes,231,255,8935,21575
Venue,Hyundai,Car,2025,1793246,19,Electric,Automatic,4,1493,5,113,283,SUV,1,No,161,444,11933,21623
Venue,Hyundai,Car,2025,2048974,18,Hybrid,Manual,5,1493,5,113,238,SUV,5,No,245,358,10890,15491
Venue,Hyundai,Car,2025,2968473,18,Petrol,Automatic,3,1493,5,113,127,SUV,8,No,198,370,10907,38066
Venue,Hyundai,Car,2025,2228166,25,Electric,Automatic,5,1493,5,113,164,SUV,4,Yes,181,566,10076,44062
Verna,Hyundai,Car,2025,1985110,27,Diesel,Manual,3,1482,5,158,172,Sedan,2,Yes,213,560,13105,31718
Verna,Hyundai,Car,2025,2212536,27,Diesel,Manual,5,1482,5,158,168,Sedan,1,Yes,238,421,7862,33086
Verna,Hyundai,Car,2025,2836329,22,Diesel,Automatic,4,1482,5,158,236,Sedan,8,No,192,452,5784,15807
Verna,Hyundai,Car,2025,2217677,25,Hybrid,Automatic,4,1482,5,158,338,Sedan,5,Yes,197,268,4454,20948
i20,Hyundai,Car,2025,1746129,28,Diesel,Automatic,5,1197,5,82,322,Hatchback,2,No,170,296,4480,18277
i20,Hyundai,Car,2025,1538087,25,Diesel,Automatic,4,1197,5,82,300,Hatchback,4,No,211,693,8051,29759
i20,Hyundai,Car,2025,2507613,15,Petrol,Automatic,5,1197,5,82,198,Hatchback,1,No,206,509,8974,26569
i20,Hyundai,Car,2025,1081859,19,Hybrid,Automatic,3,1197,5,82,115,Hatchback,4,No,165,224,8260,14811
Sonet,Kia,Car,2025,3024005,21,Diesel,Automatic,5,1493,5,115,263,SUV,1,Yes,176,210,9436,49210
Sonet,Kia,Car,2025,2536033,17,Diesel,Manual,4,1493,5,115,123,SUV,3,No,154,408,8919,19755
Sonet,Kia,Car,2025,1613135,15,Diesel,Manual,3,1493,5,115,237,SUV,8,Yes,187,304,5583,14372
Sonet,Kia,Car,2025,3860948,16,Electric,Automatic,4,1493,5,115,310,SUV,2,Yes,228,677,8727,48361
Seltos,Kia,Car,2025,2675650,22,Petrol,Manual,4,1497,5,115,242,SUV,6,Yes,240,289,12314,50594
Seltos,Kia,Car,2025,4177217,18,Diesel,Manual,4,1497,5,115,144,SUV,2,No,173,675,5890,16170
Seltos,Kia,Car,2025,1647078,15,Petrol,Automatic,5,1497,5,115,201,SUV,5,No,234,237,9566,58249
Seltos,Kia,Car,2025,1997131,23,Electric,Automatic,3,1497,5,115,242,SUV,8,Yes,229,617,10846,47834
Carens,Kia,Car,2025,3964331,25,Petrol,Automatic,5,1493,7,115,252,MPV,5,No,197,559,6835,56218
Carens,Kia,Car,2025,3859229,25,Electric,Manual,4,1493,7,115,333,MPV,8,No,172,441,13547,49851
Carens,Kia,Car,2025,2155177,14,Electric,Automatic,4,1493,7,115,284,MPV,7,No,198,590,12043,26702
Carens,Kia,Car,2025,1583633,19,Electric,Manual,3,1493,7,115,368,MPV,3,No,213,686,7193,21151
XUV700,Mahindra,Car,2025,2548402,24,Electric,Manual,5,2198,7,182,298,SUV,2,No,152,689,5996,20636
XUV700,Mahindra,Car,2025,2219322,24,Electric,Automatic,4,2198,7,182,224,SUV,2,Yes,164,443,13310,49559
XUV700,Mahindra,Car,2025,981085,21,Petrol,Automatic,3,2198,7,182,335,SUV,8,Yes,153,569,8160,53020
XUV700,Mahindra,Car,2025,1573366,21,Petrol,Automatic,5,2198,7,182,185,SUV,5,No,216,237,13601,20619
Scorpio N,Mahindra,Car,2025,3963606,26,Electric,Automatic,3,2198,7,172,228,SUV,7,Yes,222,434,14009,38133
Scorpio N,Mahindra,Car,2025,4468675,21,Electric,Manual,5,2198,7,172,252,SUV,6,No,219,674,6954,59033
Scorpio N,Mahindra,Car,2025,2805729,14,Hybrid,Manual,3,2198,7,172,197,SUV,4,Yes,236,333,10702,38270
Scorpio N,Mahindra,Car,2025,1069310,27,Petrol,Manual,4,2198,7,172,373,SUV,4,No,235,655,5586,56749
Thar,Mahindra,Car,2025,4410074,23,Electric,Automatic,5,2184,4,130,156,SUV,7,No,240,590,11169,53582
Thar,Mahindra,Car,2025,2965980,17,Electric,Automatic,5,2184,4,130,382,SUV,7,Yes,188,287,7380,22904
Thar,Mahindra,Car,2025,2034557,26,Hybrid,Manual,3,2184,4,130,350,SUV,7,No,185,276,4659,33891
Thar,Mahindra,Car,2025,2627348,28,Petrol,Manual,5,2184,4,130,388,SUV,3,Yes,204,506,7980,20407
City,Honda,Car,2025,2466446,17,Petrol,Automatic,5,1498,5,121,398,Sedan,5,Yes,180,551,7740,57310
City,Honda,Car,2025,1648468,22,Hybrid,Manual,4,1498,5,121,380,Sedan,7,Yes,232,353,4807,45260
City,Honda,Car,2025,1094954,23,Petrol,Automatic,3,1498,5,121,355,Sedan,2,No,182,259,7014,51241
City,Honda,Car,2025,898225,27,Hybrid,Manual,3,1498,5,121,289,Sedan,4,No,241,326,11807,25818
Elevate,Honda,Car,2025,1647774,23,Diesel,Manual,4,1498,5,121,376,SUV,2,Yes,203,666,8313,40042
Elevate,Honda,Car,2025,3885181,24,Electric,Manual,4,1498,5,121,386,SUV,1,Yes,199,237,10038,58488
Elevate,Honda,Car,2025,1161315,19,Diesel,Automatic,4,1498,5,121,386,SUV,8,No,177,678,7033,21647
Elevate,Honda,Car,2025,2778499,20,Electric,Manual,3,1498,5,121,314,SUV,4,Yes,243,460,13993,30464
Virtus,Volkswagen,Car,2025,2663972,26,Diesel,Automatic,3,1498,5,148,271,Sedan,8,No,157,557,13374,29954
Virtus,Volkswagen,Car,2025,1809643,14,Hybrid,Automatic,4,1498,5,148,400,Sedan,4,Yes,166,204,6367,41105
Virtus,Volkswagen,Car,2025,1283127,20,Petrol,Manual,5,1498,5,148,353,Sedan,6,No,210,592,14472,21695
Virtus,Volkswagen,Car,2025,2228497,22,Petrol,Automatic,4,1498,5,148,295,Sedan,7,Yes,179,244,7194,29415
Taigun,Volkswagen,Car,2025,3069342,28,Hybrid,Automatic,5,1498,5,148,121,SUV,7,No,240,238,6885,31272
Taigun,Volkswagen,Car,2025,3756376,21,Petrol,Manual,3,1498,5,148,397,SUV,8,No,187,506,9326,17774
Taigun,Volkswagen,Car,2025,2673582,18,Petrol,Automatic,5,1498,5,148,102,SUV,5,No,230,528,3995,18978
Taigun,Volkswagen,Car,2025,3624401,17,Diesel,Automatic,3,1498,5,148,238,SUV,8,Yes,211,265,8544,44628
Kushaq,Skoda,Car,2025,1636996,14,Petrol,Automatic,4,1498,5,148,241,SUV,4,No,212,450,8021,27048
Kushaq,Skoda,Car,2025,1349688,20,Hybrid,Manual,5,1498,5,148,129,SUV,1,Yes,215,470,3815,18893
Kushaq,Skoda,Car,2025,3709254,15,Electric,Automatic,4,1498,5,148,356,SUV,4,Yes,231,560,5473,59591
Kushaq,Skoda,Car,2025,3401149,26,Diesel,Manual,3,1498,5,148,313,SUV,6,Yes,180,314,8401,18565
Slavia,Skoda,Car,2025,1027529,14,Electric,Automatic,5,1498,5,148,283,Sedan,3,Yes,165,298,4013,14652
Slavia,Skoda,Car,2025,4011594,19,Petrol,Manual,5,1498,5,148,131,Sedan,2,Yes,183,526,13860,45209
Slavia,Skoda,Car,2025,1662907,25,Diesel,Automatic,5,1498,5,148,390,Sedan,3,No,245,656,7686,48043
Slavia,Skoda,Car,2025,1151388,26,Electric,Automatic,5,1498,5,148,394,Sedan,3,Yes,249,628,10884,15491
Apache RTR 160,TVS,Bike,2025,254924,62,Diesel,Manual,5,160,2,16,283,Bike,3,No,204,450,10731,13296
Apache RTR 160,TVS,Bike,2025,119006,57,Electric,Manual,5,160,2,16,395,Bike,8,Yes,170,511,6372,37645
Apache RTR 160,TVS,Bike,2025,190125,32,Electric,Automatic,4,160,2,16,138,Bike,5,No,175,311,13201,35189
Apache RTR 160,TVS,Bike,2025,350510,69,Hybrid,Manual,4,160,2,16,225,Bike,6,Yes,250,232,5071,10895
Apache RTR 200,TVS,Bike,2025,288585,65,Hybrid,Automatic,4,198,2,20,392,Bike,8,No,215,506,7313,11591
Apache RTR 200,TVS,Bike,2025,327986,55,Diesel,Manual,5,198,2,20,303,Bike,2,Yes,184,577,12489,40650
Apache RTR 200,TVS,Bike,2025,254910,30,Diesel,Manual,5,198,2,20,101,Bike,8,No,163,583,14559,33662
Apache RTR 200,TVS,Bike,2025,157318,31,Hybrid,Manual,5,198,2,20,397,Bike,8,No,233,547,4904,55809
Ronin,TVS,Bike,2025,257293,50,Diesel,Manual,4,225,2,20,133,Bike,4,No,188,475,5483,36798
Ronin,TVS,Bike,2025,220449,42,Electric,Manual,5,225,2,20,165,Bike,4,No,159,486,7531,44603
Ronin,TVS,Bike,2025,309059,63,Electric,Automatic,5,225,2,20,94,Bike,3,No,200,484,6104,12576
Ronin,TVS,Bike,2025,326299,65,Petrol,Automatic,5,225,2,20,287,Bike,5,No,216,291,12330,55416
Raider 125,TVS,Bike,2025,395451,29,Diesel,Manual,4,124,2,11,379,Bike,5,No,160,207,11263,22318
Raider 125,TVS,Bike,2025,134709,44,Diesel,Manual,5,124,2,11,200,Bike,8,No,245,608,8835,38038
Raider 125,TVS,Bike,2025,209164,47,Electric,Manual,5,124,2,11,145,Bike,7,Yes,181,371,4594,31226
Raider 125,TVS,Bike,2025,164481,72,Electric,Manual,5,124,2,11,399,Bike,1,Yes,222,233,9129,28442
Pulsar N160,Bajaj,Bike,2025,152122,67,Electric,Manual,5,164,2,16,341,Bike,2,No,214,212,8839,21815
Pulsar N160,Bajaj,Bike,2025,155466,36,Electric,Manual,5,164,2,16,239,Bike,6,Yes,153,674,6532,50237
Pulsar N160,Bajaj,Bike,2025,198643,46,Electric,Manual,3,164,2,16,265,Bike,5,Yes,212,691,11421,27235
Pulsar N160,Bajaj,Bike,2025,176505,66,Hybrid,Manual,5,164,2,16,324,Bike,1,Yes,181,305,13184,32722
Pulsar NS200,Bajaj,Bike,2025,188690,62,Hybrid,Manual,5,199,2,24,125,Bike,8,No,220,251,10722,35398
Pulsar NS200,Bajaj,Bike,2025,291477,46,Electric,Automatic,3,199,2,24,213,Bike,4,Yes,239,384,12389,37733
Pulsar NS200,Bajaj,Bike,2025,197624,38,Hybrid,Manual,4,199,2,24,218,Bike,8,Yes,159,562,11428,57193
Pulsar NS200,Bajaj,Bike,2025,247212,59,Electric,Manual,5,199,2,24,153,Bike,7,Yes,217,540,10675,10981
Dominar 400,Bajaj,Bike,2025,302597,70,Petrol,Automatic,4,373,2,40,233,Bike,4,Yes,237,213,4544,42599
Dominar 400,Bajaj,Bike,2025,250356,50,Petrol,Manual,5,373,2,40,94,Bike,5,No,167,339,14114,41370
Dominar 400,Bajaj,Bike,2025,171074,46,Diesel,Manual,3,373,2,40,168,Bike,3,Yes,198,612,11306,38496
Dominar 400,Bajaj,Bike,2025,365429,63,Diesel,Manual,4,373,2,40,301,Bike,5,No,216,323,8352,59715
Splendor Plus,Hero,Bike,2025,325077,39,Electric,Automatic,5,97,2,8,309,Bike,8,No,197,500,7784,37741
Splendor Plus,Hero,Bike,2025,129140,66,Diesel,Automatic,4,97,2,8,326,Bike,5,Yes,208,615,4262,21479
Splendor Plus,Hero,Bike,2025,253308,29,Hybrid,Manual,4,97,2,8,365,Bike,7,Yes,192,448,4047,55756
Splendor Plus,Hero,Bike,2025,325740,32,Electric,Manual,4,97,2,8,305,Bike,8,Yes,231,652,5324,18199
Xpulse 200,Hero,Bike,2025,87098,38,Electric,Manual,3,200,2,18,102,Bike,7,Yes,176,217,5041,12522
Xpulse 200,Hero,Bike,2025,183565,36,Electric,Manual,5,200,2,18,303,Bike,8,Yes,165,335,12758,38929
Xpulse 200,Hero,Bike,2025,291815,29,Petrol,Automatic,3,200,2,18,208,Bike,3,No,182,422,9435,48057
Xpulse 200,Hero,Bike,2025,346627,44,Petrol,Manual,4,200,2,18,121,Bike,6,No,191,370,7339,48254
Xtreme 160R,Hero,Bike,2025,352352,31,Diesel,Automatic,3,163,2,15,275,Bike,8,Yes,194,226,7958,57313
Xtreme 160R,Hero,Bike,2025,220790,55,Diesel,Automatic,4,163,2,15,217,Bike,5,No,211,558,5475,47828
Xtreme 160R,Hero,Bike,2025,272893,61,Petrol,Manual,4,163,2,15,196,Bike,7,No,219,378,14743,12554
Xtreme 160R,Hero,Bike,2025,237694,63,Electric,Automatic,3,163,2,15,291,Bike,5,No,233,222,8325,40709
Shine,Honda,Bike,2025,275399,37,Petrol,Manual,3,125,2,10,178,Bike,2,No,227,609,13316,40371
Shine,Honda,Bike,2025,264305,65,Electric,Manual,3,125,2,10,108,Bike,7,No,223,498,12859,13483
Shine,Honda,Bike,2025,225534,45,Diesel,Automatic,4,125,2,10,384,Bike,5,Yes,190,250,8512,19553
Shine,Honda,Bike,2025,125936,33,Electric,Automatic,3,125,2,10,211,Bike,1,No,160,246,6847,56458
SP125,Honda,Bike,2025,226511,54,Diesel,Automatic,4,125,2,10,177,Bike,3,Yes,201,585,14671,43258
SP125,Honda,Bike,2025,183141,72,Petrol,Automatic,3,125,2,10,356,Bike,8,Yes,206,635,6204,54310
SP125,Honda,Bike,2025,334009,75,Hybrid,Automatic,3,125,2,10,228,Bike,4,No,226,416,3282,57841
SP125,Honda,Bike,2025,91769,72,Electric,Automatic,4,125,2,10,338,Bike,4,Yes,219,546,6114,22339
Hornet 2.0,Honda,Bike,2025,263955,66,Hybrid,Automatic,4,184,2,17,92,Bike,4,Yes,173,565,5465,47906
Hornet 2.0,Honda,Bike,2025,288431,51,Petrol,Manual,3,184,2,17,387,Bike,1,No,235,253,5757,22403
Hornet 2.0,Honda,Bike,2025,93645,60,Electric,Automatic,5,184,2,17,308,Bike,4,No,158,223,12114,31919
Hornet 2.0,Honda,Bike,2025,270319,69,Hybrid,Automatic,4,184,2,17,117,Bike,6,Yes,188,597,5649,52806
CB350,Honda,Bike,2025,258690,55,Electric,Automatic,5,348,2,21,110,Bike,3,Yes,190,337,11445,18186
CB350,Honda,Bike,2025,347097,75,Electric,Automatic,5,348,2,21,235,Bike,6,Yes,236,633,6742,34552
CB350,Honda,Bike,2025,366008,33,Petrol,Manual,4,348,2,21,301,Bike,5,Yes,177,203,7127,40066
CB350,Honda,Bike,2025,175062,58,Hybrid,Automatic,3,348,2,21,200,Bike,3,Yes,233,637,4885,11979
Classic 350,Royal Enfield,Bike,2025,223135,71,Hybrid,Manual,4,349,2,20,227,Bike,6,Yes,208,270,13181,36796
Classic 350,Royal Enfield,Bike,2025,125129,72,Petrol,Automatic,5,349,2,20,180,Bike,3,No,236,435,7881,16444
Classic 350,Royal Enfield,Bike,2025,176058,33,Diesel,Automatic,3,349,2,20,256,Bike,3,Yes,177,245,14034,60000
Classic 350,Royal Enfield,Bike,2025,277721,39,Electric,Automatic,4,349,2,20,241,Bike,8,No,245,410,3495,51517
Hunter 350,Royal Enfield,Bike,2025,191026,62,Diesel,Automatic,4,349,2,20,182,Bike,5,No,214,324,7080,35259
Hunter 350,Royal Enfield,Bike,2025,338327,69,Electric,Automatic,5,349,2,20,154,Bike,4,Yes,176,216,4975,32005
Hunter 350,Royal Enfield,Bike,2025,256595,29,Electric,Automatic,3,349,2,20,218,Bike,8,Yes,247,559,14027,41502
Hunter 350,Royal Enfield,Bike,2025,134734,66,Electric,Automatic,3,349,2,20,229,Bike,5,Yes,185,387,5467,59063
Meteor 350,Royal Enfield,Bike,2025,299758,36,Diesel,Manual,4,349,2,20,254,Bike,8,No,248,597,5091,48150
Meteor 350,Royal Enfield,Bike,2025,138818,45,Electric,Automatic,3,349,2,20,379,Bike,5,No,222,669,10475,46539
Meteor 350,Royal Enfield,Bike,2025,100587,44,Hybrid,Manual,3,349,2,20,209,Bike,6,Yes,168,650,8767,51538
Meteor 350,Royal Enfield,Bike,2025,88996,46,Hybrid,Automatic,5,349,2,20,292,Bike,1,No,203,646,10665,55831
Himalayan 450,Royal Enfield,Bike,2025,106321,34,Petrol,Manual,3,452,2,40,114,Bike,3,No,208,246,10126,20369
Himalayan 450,Royal Enfield,Bike,2025,198054,72,Electric,Manual,5,452,2,40,250,Bike,4,No,179,266,13101,49628
Himalayan 450,Royal Enfield,Bike,2025,227786,30,Hybrid,Manual,4,452,2,40,240,Bike,1,No,243,355,9333,34193
Himalayan 450,Royal Enfield,Bike,2025,152172,66,Diesel,Automatic,3,452,2,40,332,Bike,1,Yes,170,680,3232,35709
R15 V4,Yamaha,Bike,2025,326038,65,Electric,Manual,4,155,2,18,293,Bike,8,No,250,613,7954,25576
R15 V4,Yamaha,Bike,2025,313650,66,Electric,Manual,4,155,2,18,184,Bike,3,No,247,446,5923,56445
R15 V4,Yamaha,Bike,2025,301240,74,Electric,Manual,5,155,2,18,279,Bike,5,No,216,682,11488,43940
R15 V4,Yamaha,Bike,2025,128694,68,Electric,Automatic,4,155,2,18,184,Bike,2,No,210,605,14885,15272
MT15,Yamaha,Bike,2025,119803,67,Petrol,Manual,3,155,2,18,143,Bike,6,Yes,179,289,5513,38428
MT15,Yamaha,Bike,2025,117342,62,Electric,Manual,5,155,2,18,132,Bike,3,No,211,487,12407,19844
MT15,Yamaha,Bike,2025,185870,37,Diesel,Automatic,3,155,2,18,96,Bike,5,No,246,338,13096,51851
MT15,Yamaha,Bike,2025,262748,49,Diesel,Automatic,5,155,2,18,152,Bike,1,No,217,673,6417,37986
FZ-S,Yamaha,Bike,2025,106237,67,Diesel,Manual,5,149,2,12,367,Bike,5,No,177,488,8464,51923
FZ-S,Yamaha,Bike,2025,369796,67,Hybrid,Automatic,4,149,2,12,212,Bike,5,Yes,216,565,6456,48298
FZ-S,Yamaha,Bike,2025,212222,54,Electric,Automatic,3,149,2,12,195,Bike,3,No,230,362,10075,19227
FZ-S,Yamaha,Bike,2025,255726,61,Electric,Manual,3,149,2,12,178,Bike,7,Yes,198,231,4056,56428
Duke 200,KTM,Bike,2025,219841,70,Petrol,Automatic,5,199,2,25,390,Bike,6,Yes,235,227,6214,33737
Duke 200,KTM,Bike,2025,123583,55,Electric,Manual,5,199,2,25,235,Bike,1,Yes,158,329,5685,31019
Duke 200,KTM,Bike,2025,195114,49,Diesel,Automatic,3,199,2,25,368,Bike,6,No,212,613,5226,59700
Duke 200,KTM,Bike,2025,144018,29,Electric,Automatic,3,199,2,25,332,Bike,4,Yes,236,315,5077,57875
Duke 390,KTM,Bike,2025,288284,47,Electric,Manual,4,399,2,46,143,Bike,2,Yes,241,411,5318,49296
Duke 390,KTM,Bike,2025,363894,32,Petrol,Manual,3,399,2,46,128,Bike,5,Yes,225,435,7141,10308
Duke 390,KTM,Bike,2025,267074,61,Petrol,Automatic,4,399,2,46,159,Bike,3,Yes,223,226,6866,21418
Duke 390,KTM,Bike,2025,95387,50,Petrol,Manual,4,399,2,46,156,Bike,8,Yes,191,625,11278,49514
RC 390,KTM,Bike,2025,102985,40,Electric,Manual,3,399,2,46,373,Bike,2,No,213,431,12879,15142
RC 390,KTM,Bike,2025,377044,35,Electric,Manual,5,399,2,46,223,Bike,2,Yes,249,306,3096,58724
RC 390,KTM,Bike,2025,175084,65,Diesel,Manual,4,399,2,46,398,Bike,5,Yes,165,223,9649,28537
RC 390,KTM,Bike,2025,80768,64,Hybrid,Manual,4,399,2,46,386,Bike,8,No,217,547,12912,20752
